,Statistic,tumor_stage,value,MCCV
0,TP,i,2,0
1,FP,i,5,0
2,FN,i,6,0
3,TN,i,8,0
4,TP,ii,1,0
0,TP,i,2,1
1,FP,i,9,1
2,FN,i,7,1
3,TN,i,3,1
4,TP,ii,0,1
0,TP,i,3,2
1,FP,i,4,2
2,FN,i,8,2
3,TN,i,6,2
4,TP,ii,2,2
0,TP,i,3,3
1,FP,i,3,3
2,FN,i,6,3
3,TN,i,9,3
4,TP,ii,0,3
0,TP,i,6,4
1,FP,i,8,4
2,FN,i,4,4
3,TN,i,3,4
4,TP,ii,2,4
0,TP,i,5,5
1,FP,i,4,5
2,FN,i,4,5
3,TN,i,8,5
4,TP,ii,1,5
0,TP,i,2,6
1,FP,i,7,6
2,FN,i,8,6
3,TN,i,4,6
4,TP,ii,1,6
0,TP,i,2,7
1,FP,i,5,7
2,FN,i,4,7
3,TN,i,10,7
4,TP,ii,1,7
0,TP,i,2,8
1,FP,i,9,8
2,FN,i,2,8
3,TN,i,8,8
4,TP,ii,2,8
0,TP,i,2,9
1,FP,i,5,9
2,FN,i,3,9
3,TN,i,11,9
4,TP,ii,0,9
0,TP,i,4,10
1,FP,i,9,10
2,FN,i,2,10
3,TN,i,6,10
4,TP,ii,0,10
0,TP,i,4,11
1,FP,i,5,11
2,FN,i,3,11
3,TN,i,9,11
4,TP,ii,2,11
0,TP,i,1,12
1,FP,i,4,12
2,FN,i,8,12
3,TN,i,8,12
4,TP,ii,1,12
0,TP,i,2,13
1,FP,i,7,13
2,FN,i,7,13
3,TN,i,5,13
4,TP,ii,0,13
0,TP,i,4,14
1,FP,i,4,14
2,FN,i,4,14
3,TN,i,9,14
4,TP,ii,0,14
0,TP,i,2,15
1,FP,i,4,15
2,FN,i,10,15
3,TN,i,5,15
4,TP,ii,0,15
0,TP,i,3,16
1,FP,i,4,16
2,FN,i,6,16
3,TN,i,8,16
4,TP,ii,1,16
0,TP,i,3,17
1,FP,i,6,17
2,FN,i,2,17
3,TN,i,10,17
4,TP,ii,2,17
0,TP,i,3,18
1,FP,i,5,18
2,FN,i,6,18
3,TN,i,7,18
4,TP,ii,1,18
0,TP,i,1,19
1,FP,i,3,19
2,FN,i,6,19
3,TN,i,11,19
4,TP,ii,2,19
0,TP,i,5,20
1,FP,i,5,20
2,FN,i,4,20
3,TN,i,7,20
4,TP,ii,1,20
0,TP,i,7,21
1,FP,i,3,21
2,FN,i,5,21
3,TN,i,6,21
4,TP,ii,0,21
0,TP,i,2,22
1,FP,i,5,22
2,FN,i,5,22
3,TN,i,9,22
4,TP,ii,1,22
0,TP,i,1,23
1,FP,i,2,23
2,FN,i,10,23
3,TN,i,8,23
4,TP,ii,0,23
0,TP,i,2,24
1,FP,i,7,24
2,FN,i,8,24
3,TN,i,4,24
4,TP,ii,0,24
0,TP,i,2,25
1,FP,i,3,25
2,FN,i,7,25
3,TN,i,9,25
4,TP,ii,1,25
0,TP,i,2,26
1,FP,i,3,26
2,FN,i,6,26
3,TN,i,10,26
4,TP,ii,2,26
0,TP,i,2,27
1,FP,i,6,27
2,FN,i,5,27
3,TN,i,8,27
4,TP,ii,0,27
0,TP,i,2,28
1,FP,i,7,28
2,FN,i,7,28
3,TN,i,5,28
4,TP,ii,0,28
0,TP,i,2,29
1,FP,i,3,29
2,FN,i,7,29
3,TN,i,9,29
4,TP,ii,1,29
0,TP,i,5,30
1,FP,i,6,30
2,FN,i,3,30
3,TN,i,7,30
4,TP,ii,1,30
0,TP,i,4,31
1,FP,i,5,31
2,FN,i,5,31
3,TN,i,7,31
4,TP,ii,2,31
0,TP,i,2,32
1,FP,i,7,32
2,FN,i,4,32
3,TN,i,8,32
4,TP,ii,0,32
0,TP,i,0,33
1,FP,i,6,33
2,FN,i,5,33
3,TN,i,10,33
4,TP,ii,3,33
0,TP,i,1,34
1,FP,i,6,34
2,FN,i,4,34
3,TN,i,10,34
4,TP,ii,0,34
0,TP,i,3,35
1,FP,i,5,35
2,FN,i,6,35
3,TN,i,7,35
4,TP,ii,2,35
0,TP,i,4,36
1,FP,i,3,36
2,FN,i,5,36
3,TN,i,9,36
4,TP,ii,0,36
0,TP,i,3,37
1,FP,i,0,37
2,FN,i,11,37
3,TN,i,7,37
4,TP,ii,1,37
0,TP,i,1,38
1,FP,i,1,38
2,FN,i,9,38
3,TN,i,10,38
4,TP,ii,2,38
0,TP,i,1,39
1,FP,i,5,39
2,FN,i,7,39
3,TN,i,8,39
4,TP,ii,2,39
0,TP,i,2,40
1,FP,i,7,40
2,FN,i,3,40
3,TN,i,9,40
4,TP,ii,2,40
0,TP,i,3,41
1,FP,i,4,41
2,FN,i,7,41
3,TN,i,7,41
4,TP,ii,2,41
0,TP,i,3,42
1,FP,i,4,42
2,FN,i,2,42
3,TN,i,12,42
4,TP,ii,1,42
0,TP,i,4,43
1,FP,i,6,43
2,FN,i,4,43
3,TN,i,7,43
4,TP,ii,3,43
0,TP,i,2,44
1,FP,i,6,44
2,FN,i,7,44
3,TN,i,6,44
4,TP,ii,0,44
0,TP,i,2,45
1,FP,i,4,45
2,FN,i,6,45
3,TN,i,9,45
4,TP,ii,2,45
0,TP,i,3,46
1,FP,i,3,46
2,FN,i,7,46
3,TN,i,8,46
4,TP,ii,1,46
0,TP,i,3,47
1,FP,i,4,47
2,FN,i,7,47
3,TN,i,7,47
4,TP,ii,2,47
0,TP,i,2,48
1,FP,i,5,48
2,FN,i,7,48
3,TN,i,7,48
4,TP,ii,1,48
0,TP,i,3,49
1,FP,i,6,49
2,FN,i,3,49
3,TN,i,9,49
4,TP,ii,1,49
0,TP,i,2,50
1,FP,i,4,50
2,FN,i,6,50
3,TN,i,9,50
4,TP,ii,0,50
0,TP,i,5,51
1,FP,i,4,51
2,FN,i,4,51
3,TN,i,8,51
4,TP,ii,0,51
0,TP,i,5,52
1,FP,i,4,52
2,FN,i,1,52
3,TN,i,11,52
4,TP,ii,1,52
0,TP,i,3,53
1,FP,i,8,53
2,FN,i,5,53
3,TN,i,5,53
4,TP,ii,0,53
0,TP,i,2,54
1,FP,i,3,54
2,FN,i,5,54
3,TN,i,11,54
4,TP,ii,0,54
0,TP,i,2,55
1,FP,i,3,55
2,FN,i,6,55
3,TN,i,10,55
4,TP,ii,3,55
0,TP,i,2,56
1,FP,i,8,56
2,FN,i,6,56
3,TN,i,5,56
4,TP,ii,0,56
0,TP,i,1,57
1,FP,i,4,57
2,FN,i,8,57
3,TN,i,8,57
4,TP,ii,2,57
0,TP,i,3,58
1,FP,i,3,58
2,FN,i,6,58
3,TN,i,9,58
4,TP,ii,2,58
0,TP,i,0,59
1,FP,i,8,59
2,FN,i,5,59
3,TN,i,8,59
4,TP,ii,1,59
0,TP,i,2,60
1,FP,i,4,60
2,FN,i,7,60
3,TN,i,8,60
4,TP,ii,1,60
0,TP,i,3,61
1,FP,i,3,61
2,FN,i,4,61
3,TN,i,11,61
4,TP,ii,2,61
0,TP,i,1,62
1,FP,i,4,62
2,FN,i,8,62
3,TN,i,8,62
4,TP,ii,1,62
0,TP,i,4,63
1,FP,i,5,63
2,FN,i,4,63
3,TN,i,8,63
4,TP,ii,0,63
0,TP,i,3,64
1,FP,i,5,64
2,FN,i,5,64
3,TN,i,8,64
4,TP,ii,1,64
0,TP,i,0,65
1,FP,i,5,65
2,FN,i,4,65
3,TN,i,12,65
4,TP,ii,1,65
0,TP,i,4,66
1,FP,i,4,66
2,FN,i,8,66
3,TN,i,5,66
4,TP,ii,0,66
0,TP,i,3,67
1,FP,i,5,67
2,FN,i,6,67
3,TN,i,7,67
4,TP,ii,1,67
0,TP,i,1,68
1,FP,i,4,68
2,FN,i,6,68
3,TN,i,10,68
4,TP,ii,0,68
0,TP,i,1,69
1,FP,i,7,69
2,FN,i,4,69
3,TN,i,9,69
4,TP,ii,1,69
0,TP,i,5,70
1,FP,i,3,70
2,FN,i,7,70
3,TN,i,6,70
4,TP,ii,0,70
0,TP,i,2,71
1,FP,i,3,71
2,FN,i,6,71
3,TN,i,10,71
4,TP,ii,1,71
0,TP,i,3,72
1,FP,i,6,72
2,FN,i,4,72
3,TN,i,8,72
4,TP,ii,0,72
0,TP,i,1,73
1,FP,i,8,73
2,FN,i,3,73
3,TN,i,9,73
4,TP,ii,1,73
0,TP,i,3,74
1,FP,i,6,74
2,FN,i,7,74
3,TN,i,5,74
4,TP,ii,1,74
0,TP,i,3,75
1,FP,i,4,75
2,FN,i,8,75
3,TN,i,6,75
4,TP,ii,0,75
0,TP,i,3,76
1,FP,i,5,76
2,FN,i,5,76
3,TN,i,8,76
4,TP,ii,1,76
0,TP,i,5,77
1,FP,i,4,77
2,FN,i,5,77
3,TN,i,7,77
4,TP,ii,1,77
0,TP,i,3,78
1,FP,i,4,78
2,FN,i,4,78
3,TN,i,10,78
4,TP,ii,2,78
0,TP,i,3,79
1,FP,i,4,79
2,FN,i,7,79
3,TN,i,7,79
4,TP,ii,0,79
0,TP,i,3,80
1,FP,i,7,80
2,FN,i,3,80
3,TN,i,8,80
4,TP,ii,2,80
0,TP,i,0,81
1,FP,i,7,81
2,FN,i,4,81
3,TN,i,10,81
4,TP,ii,1,81
0,TP,i,5,82
1,FP,i,6,82
2,FN,i,1,82
3,TN,i,9,82
4,TP,ii,1,82
0,TP,i,1,83
1,FP,i,5,83
2,FN,i,5,83
3,TN,i,10,83
4,TP,ii,1,83
0,TP,i,2,84
1,FP,i,10,84
2,FN,i,2,84
3,TN,i,7,84
4,TP,ii,1,84
0,TP,i,1,85
1,FP,i,7,85
2,FN,i,4,85
3,TN,i,9,85
4,TP,ii,1,85
0,TP,i,2,86
1,FP,i,6,86
2,FN,i,7,86
3,TN,i,6,86
4,TP,ii,1,86
0,TP,i,1,87
1,FP,i,8,87
2,FN,i,5,87
3,TN,i,7,87
4,TP,ii,0,87
0,TP,i,5,88
1,FP,i,5,88
2,FN,i,6,88
3,TN,i,5,88
4,TP,ii,1,88
0,TP,i,4,89
1,FP,i,3,89
2,FN,i,6,89
3,TN,i,8,89
4,TP,ii,2,89
0,TP,i,3,90
1,FP,i,8,90
2,FN,i,5,90
3,TN,i,5,90
4,TP,ii,0,90
0,TP,i,4,91
1,FP,i,4,91
2,FN,i,4,91
3,TN,i,9,91
4,TP,ii,1,91
0,TP,i,6,92
1,FP,i,7,92
2,FN,i,3,92
3,TN,i,5,92
4,TP,ii,0,92
0,TP,i,4,93
1,FP,i,6,93
2,FN,i,2,93
3,TN,i,9,93
4,TP,ii,2,93
0,TP,i,1,94
1,FP,i,4,94
2,FN,i,7,94
3,TN,i,9,94
4,TP,ii,3,94
0,TP,i,3,95
1,FP,i,3,95
2,FN,i,6,95
3,TN,i,9,95
4,TP,ii,1,95
0,TP,i,3,96
1,FP,i,5,96
2,FN,i,6,96
3,TN,i,7,96
4,TP,ii,0,96
0,TP,i,1,97
1,FP,i,3,97
2,FN,i,9,97
3,TN,i,8,97
4,TP,ii,1,97
0,TP,i,1,98
1,FP,i,4,98
2,FN,i,10,98
3,TN,i,6,98
4,TP,ii,1,98
0,TP,i,5,99
1,FP,i,6,99
2,FN,i,3,99
3,TN,i,7,99
4,TP,ii,2,99
0,TP,i,5,100
1,FP,i,5,100
2,FN,i,4,100
3,TN,i,7,100
4,TP,ii,1,100
0,TP,i,3,101
1,FP,i,5,101
2,FN,i,6,101
3,TN,i,7,101
4,TP,ii,0,101
0,TP,i,3,102
1,FP,i,9,102
2,FN,i,2,102
3,TN,i,7,102
4,TP,ii,0,102
0,TP,i,2,103
1,FP,i,3,103
2,FN,i,6,103
3,TN,i,10,103
4,TP,ii,3,103
0,TP,i,4,104
1,FP,i,5,104
2,FN,i,6,104
3,TN,i,6,104
4,TP,ii,0,104
0,TP,i,3,105
1,FP,i,7,105
2,FN,i,5,105
3,TN,i,6,105
4,TP,ii,1,105
0,TP,i,3,106
1,FP,i,3,106
2,FN,i,5,106
3,TN,i,10,106
4,TP,ii,0,106
0,TP,i,5,107
1,FP,i,2,107
2,FN,i,5,107
3,TN,i,9,107
4,TP,ii,1,107
0,TP,i,3,108
1,FP,i,7,108
2,FN,i,7,108
3,TN,i,4,108
4,TP,ii,1,108
0,TP,i,1,109
1,FP,i,3,109
2,FN,i,7,109
3,TN,i,10,109
4,TP,ii,1,109
0,TP,i,2,110
1,FP,i,5,110
2,FN,i,4,110
3,TN,i,10,110
4,TP,ii,0,110
0,TP,i,3,111
1,FP,i,5,111
2,FN,i,9,111
3,TN,i,4,111
4,TP,ii,1,111
0,TP,i,4,112
1,FP,i,4,112
2,FN,i,6,112
3,TN,i,7,112
4,TP,ii,0,112
0,TP,i,3,113
1,FP,i,6,113
2,FN,i,4,113
3,TN,i,8,113
4,TP,ii,0,113
0,TP,i,3,114
1,FP,i,6,114
2,FN,i,4,114
3,TN,i,8,114
4,TP,ii,2,114
0,TP,i,1,115
1,FP,i,4,115
2,FN,i,7,115
3,TN,i,9,115
4,TP,ii,2,115
0,TP,i,1,116
1,FP,i,7,116
2,FN,i,7,116
3,TN,i,6,116
4,TP,ii,1,116
0,TP,i,0,117
1,FP,i,7,117
2,FN,i,5,117
3,TN,i,9,117
4,TP,ii,1,117
0,TP,i,2,118
1,FP,i,4,118
2,FN,i,8,118
3,TN,i,7,118
4,TP,ii,1,118
0,TP,i,0,119
1,FP,i,10,119
2,FN,i,5,119
3,TN,i,6,119
4,TP,ii,1,119
0,TP,i,1,120
1,FP,i,5,120
2,FN,i,5,120
3,TN,i,10,120
4,TP,ii,0,120
0,TP,i,2,121
1,FP,i,7,121
2,FN,i,5,121
3,TN,i,7,121
4,TP,ii,2,121
0,TP,i,1,122
1,FP,i,3,122
2,FN,i,8,122
3,TN,i,9,122
4,TP,ii,0,122
0,TP,i,3,123
1,FP,i,4,123
2,FN,i,3,123
3,TN,i,11,123
4,TP,ii,3,123
0,TP,i,0,124
1,FP,i,4,124
2,FN,i,6,124
3,TN,i,11,124
4,TP,ii,1,124
0,TP,i,6,125
1,FP,i,4,125
2,FN,i,5,125
3,TN,i,6,125
4,TP,ii,2,125
0,TP,i,4,126
1,FP,i,4,126
2,FN,i,8,126
3,TN,i,5,126
4,TP,ii,0,126
0,TP,i,5,127
1,FP,i,2,127
2,FN,i,6,127
3,TN,i,8,127
4,TP,ii,0,127
0,TP,i,4,128
1,FP,i,7,128
2,FN,i,3,128
3,TN,i,7,128
4,TP,ii,0,128
0,TP,i,2,129
1,FP,i,1,129
2,FN,i,9,129
3,TN,i,9,129
4,TP,ii,1,129
0,TP,i,6,130
1,FP,i,3,130
2,FN,i,5,130
3,TN,i,7,130
4,TP,ii,3,130
0,TP,i,1,131
1,FP,i,2,131
2,FN,i,10,131
3,TN,i,8,131
4,TP,ii,1,131
0,TP,i,2,132
1,FP,i,0,132
2,FN,i,8,132
3,TN,i,11,132
4,TP,ii,1,132
0,TP,i,3,133
1,FP,i,5,133
2,FN,i,5,133
3,TN,i,8,133
4,TP,ii,1,133
0,TP,i,6,134
1,FP,i,4,134
2,FN,i,6,134
3,TN,i,5,134
4,TP,ii,0,134
0,TP,i,2,135
1,FP,i,3,135
2,FN,i,5,135
3,TN,i,11,135
4,TP,ii,0,135
0,TP,i,1,136
1,FP,i,3,136
2,FN,i,7,136
3,TN,i,10,136
4,TP,ii,1,136
0,TP,i,4,137
1,FP,i,3,137
2,FN,i,8,137
3,TN,i,6,137
4,TP,ii,2,137
0,TP,i,1,138
1,FP,i,7,138
2,FN,i,5,138
3,TN,i,8,138
4,TP,ii,1,138
0,TP,i,1,139
1,FP,i,1,139
2,FN,i,7,139
3,TN,i,12,139
4,TP,ii,0,139
0,TP,i,4,140
1,FP,i,7,140
2,FN,i,6,140
3,TN,i,4,140
4,TP,ii,1,140
0,TP,i,1,141
1,FP,i,4,141
2,FN,i,10,141
3,TN,i,6,141
4,TP,ii,0,141
0,TP,i,3,142
1,FP,i,5,142
2,FN,i,5,142
3,TN,i,8,142
4,TP,ii,2,142
0,TP,i,6,143
1,FP,i,6,143
2,FN,i,3,143
3,TN,i,6,143
4,TP,ii,1,143
0,TP,i,1,144
1,FP,i,4,144
2,FN,i,6,144
3,TN,i,10,144
4,TP,ii,2,144
0,TP,i,2,145
1,FP,i,3,145
2,FN,i,4,145
3,TN,i,12,145
4,TP,ii,2,145
0,TP,i,4,146
1,FP,i,4,146
2,FN,i,4,146
3,TN,i,9,146
4,TP,ii,0,146
0,TP,i,2,147
1,FP,i,1,147
2,FN,i,10,147
3,TN,i,8,147
4,TP,ii,1,147
0,TP,i,3,148
1,FP,i,6,148
2,FN,i,6,148
3,TN,i,6,148
4,TP,ii,1,148
0,TP,i,2,149
1,FP,i,6,149
2,FN,i,5,149
3,TN,i,8,149
4,TP,ii,0,149
0,TP,i,4,150
1,FP,i,5,150
2,FN,i,4,150
3,TN,i,8,150
4,TP,ii,0,150
0,TP,i,3,151
1,FP,i,7,151
2,FN,i,3,151
3,TN,i,8,151
4,TP,ii,1,151
0,TP,i,3,152
1,FP,i,6,152
2,FN,i,5,152
3,TN,i,7,152
4,TP,ii,1,152
0,TP,i,1,153
1,FP,i,5,153
2,FN,i,7,153
3,TN,i,8,153
4,TP,ii,1,153
0,TP,i,4,154
1,FP,i,8,154
2,FN,i,5,154
3,TN,i,4,154
4,TP,ii,0,154
0,TP,i,3,155
1,FP,i,4,155
2,FN,i,5,155
3,TN,i,9,155
4,TP,ii,2,155
0,TP,i,3,156
1,FP,i,7,156
2,FN,i,2,156
3,TN,i,9,156
4,TP,ii,2,156
0,TP,i,1,157
1,FP,i,2,157
2,FN,i,10,157
3,TN,i,8,157
4,TP,ii,2,157
0,TP,i,3,158
1,FP,i,7,158
2,FN,i,5,158
3,TN,i,6,158
4,TP,ii,1,158
0,TP,i,3,159
1,FP,i,5,159
2,FN,i,8,159
3,TN,i,5,159
4,TP,ii,1,159
0,TP,i,0,160
1,FP,i,5,160
2,FN,i,8,160
3,TN,i,8,160
4,TP,ii,0,160
0,TP,i,3,161
1,FP,i,7,161
2,FN,i,3,161
3,TN,i,8,161
4,TP,ii,2,161
0,TP,i,2,162
1,FP,i,4,162
2,FN,i,4,162
3,TN,i,11,162
4,TP,ii,2,162
0,TP,i,4,163
1,FP,i,6,163
2,FN,i,4,163
3,TN,i,7,163
4,TP,ii,0,163
0,TP,i,2,164
1,FP,i,4,164
2,FN,i,3,164
3,TN,i,12,164
4,TP,ii,2,164
0,TP,i,2,165
1,FP,i,2,165
2,FN,i,8,165
3,TN,i,9,165
4,TP,ii,1,165
0,TP,i,4,166
1,FP,i,6,166
2,FN,i,5,166
3,TN,i,6,166
4,TP,ii,1,166
0,TP,i,3,167
1,FP,i,4,167
2,FN,i,4,167
3,TN,i,10,167
4,TP,ii,1,167
0,TP,i,3,168
1,FP,i,3,168
2,FN,i,4,168
3,TN,i,11,168
4,TP,ii,0,168
0,TP,i,0,169
1,FP,i,2,169
2,FN,i,5,169
3,TN,i,14,169
4,TP,ii,3,169
0,TP,i,3,170
1,FP,i,6,170
2,FN,i,6,170
3,TN,i,6,170
4,TP,ii,1,170
0,TP,i,3,171
1,FP,i,6,171
2,FN,i,5,171
3,TN,i,7,171
4,TP,ii,0,171
0,TP,i,2,172
1,FP,i,8,172
2,FN,i,4,172
3,TN,i,7,172
4,TP,ii,2,172
0,TP,i,1,173
1,FP,i,5,173
2,FN,i,4,173
3,TN,i,11,173
4,TP,ii,1,173
0,TP,i,4,174
1,FP,i,5,174
2,FN,i,4,174
3,TN,i,8,174
4,TP,ii,1,174
0,TP,i,1,175
1,FP,i,2,175
2,FN,i,10,175
3,TN,i,8,175
4,TP,ii,1,175
0,TP,i,5,176
1,FP,i,5,176
2,FN,i,3,176
3,TN,i,8,176
4,TP,ii,0,176
0,TP,i,2,177
1,FP,i,9,177
2,FN,i,6,177
3,TN,i,4,177
4,TP,ii,0,177
0,TP,i,3,178
1,FP,i,2,178
2,FN,i,8,178
3,TN,i,8,178
4,TP,ii,1,178
0,TP,i,2,179
1,FP,i,4,179
2,FN,i,6,179
3,TN,i,9,179
4,TP,ii,1,179
0,TP,i,2,180
1,FP,i,9,180
2,FN,i,5,180
3,TN,i,5,180
4,TP,ii,1,180
0,TP,i,2,181
1,FP,i,8,181
2,FN,i,6,181
3,TN,i,5,181
4,TP,ii,0,181
0,TP,i,3,182
1,FP,i,4,182
2,FN,i,6,182
3,TN,i,8,182
4,TP,ii,2,182
0,TP,i,3,183
1,FP,i,7,183
2,FN,i,2,183
3,TN,i,9,183
4,TP,ii,0,183
0,TP,i,5,184
1,FP,i,6,184
2,FN,i,4,184
3,TN,i,6,184
4,TP,ii,2,184
0,TP,i,0,185
1,FP,i,6,185
2,FN,i,5,185
3,TN,i,10,185
4,TP,ii,3,185
0,TP,i,2,186
1,FP,i,7,186
2,FN,i,4,186
3,TN,i,8,186
4,TP,ii,0,186
0,TP,i,1,187
1,FP,i,7,187
2,FN,i,6,187
3,TN,i,7,187
4,TP,ii,1,187
0,TP,i,1,188
1,FP,i,5,188
2,FN,i,7,188
3,TN,i,8,188
4,TP,ii,1,188
0,TP,i,2,189
1,FP,i,4,189
2,FN,i,7,189
3,TN,i,8,189
4,TP,ii,0,189
0,TP,i,2,190
1,FP,i,11,190
2,FN,i,4,190
3,TN,i,4,190
4,TP,ii,1,190
0,TP,i,5,191
1,FP,i,3,191
2,FN,i,6,191
3,TN,i,7,191
4,TP,ii,0,191
0,TP,i,2,192
1,FP,i,5,192
2,FN,i,7,192
3,TN,i,7,192
4,TP,ii,0,192
0,TP,i,3,193
1,FP,i,3,193
2,FN,i,6,193
3,TN,i,9,193
4,TP,ii,1,193
0,TP,i,3,194
1,FP,i,6,194
2,FN,i,5,194
3,TN,i,7,194
4,TP,ii,0,194
0,TP,i,4,195
1,FP,i,3,195
2,FN,i,5,195
3,TN,i,9,195
4,TP,ii,1,195
0,TP,i,3,196
1,FP,i,1,196
2,FN,i,5,196
3,TN,i,12,196
4,TP,ii,1,196
0,TP,i,2,197
1,FP,i,5,197
2,FN,i,7,197
3,TN,i,7,197
4,TP,ii,1,197
0,TP,i,4,198
1,FP,i,4,198
2,FN,i,6,198
3,TN,i,7,198
4,TP,ii,0,198
0,TP,i,1,199
1,FP,i,8,199
2,FN,i,6,199
3,TN,i,6,199
4,TP,ii,2,199
0,TP,i,6,200
1,FP,i,2,200
2,FN,i,7,200
3,TN,i,6,200
4,TP,ii,0,200
0,TP,i,1,201
1,FP,i,2,201
2,FN,i,8,201
3,TN,i,10,201
4,TP,ii,5,201
0,TP,i,0,202
1,FP,i,1,202
2,FN,i,11,202
3,TN,i,9,202
4,TP,ii,0,202
0,TP,i,3,203
1,FP,i,9,203
2,FN,i,3,203
3,TN,i,6,203
4,TP,ii,0,203
0,TP,i,1,204
1,FP,i,2,204
2,FN,i,5,204
3,TN,i,13,204
4,TP,ii,4,204
0,TP,i,3,205
1,FP,i,3,205
2,FN,i,3,205
3,TN,i,12,205
4,TP,ii,3,205
0,TP,i,2,206
1,FP,i,6,206
2,FN,i,4,206
3,TN,i,9,206
4,TP,ii,2,206
0,TP,i,2,207
1,FP,i,4,207
2,FN,i,9,207
3,TN,i,6,207
4,TP,ii,0,207
0,TP,i,6,208
1,FP,i,3,208
2,FN,i,4,208
3,TN,i,8,208
4,TP,ii,2,208
0,TP,i,4,209
1,FP,i,4,209
2,FN,i,6,209
3,TN,i,7,209
4,TP,ii,1,209
0,TP,i,3,210
1,FP,i,8,210
2,FN,i,3,210
3,TN,i,7,210
4,TP,ii,1,210
0,TP,i,2,211
1,FP,i,3,211
2,FN,i,6,211
3,TN,i,10,211
4,TP,ii,1,211
0,TP,i,2,212
1,FP,i,7,212
2,FN,i,9,212
3,TN,i,3,212
4,TP,ii,0,212
0,TP,i,4,213
1,FP,i,8,213
2,FN,i,5,213
3,TN,i,4,213
4,TP,ii,0,213
0,TP,i,5,214
1,FP,i,3,214
2,FN,i,6,214
3,TN,i,7,214
4,TP,ii,1,214
0,TP,i,3,215
1,FP,i,6,215
2,FN,i,6,215
3,TN,i,6,215
4,TP,ii,1,215
0,TP,i,1,216
1,FP,i,3,216
2,FN,i,8,216
3,TN,i,9,216
4,TP,ii,0,216
0,TP,i,5,217
1,FP,i,7,217
2,FN,i,3,217
3,TN,i,6,217
4,TP,ii,1,217
0,TP,i,5,218
1,FP,i,4,218
2,FN,i,5,218
3,TN,i,7,218
4,TP,ii,3,218
0,TP,i,4,219
1,FP,i,2,219
2,FN,i,7,219
3,TN,i,8,219
4,TP,ii,0,219
0,TP,i,1,220
1,FP,i,5,220
2,FN,i,6,220
3,TN,i,9,220
4,TP,ii,2,220
0,TP,i,4,221
1,FP,i,8,221
2,FN,i,5,221
3,TN,i,4,221
4,TP,ii,0,221
0,TP,i,6,222
1,FP,i,2,222
2,FN,i,4,222
3,TN,i,9,222
4,TP,ii,0,222
0,TP,i,1,223
1,FP,i,7,223
2,FN,i,5,223
3,TN,i,8,223
4,TP,ii,0,223
0,TP,i,2,224
1,FP,i,3,224
2,FN,i,5,224
3,TN,i,11,224
4,TP,ii,1,224
0,TP,i,1,225
1,FP,i,5,225
2,FN,i,6,225
3,TN,i,9,225
4,TP,ii,2,225
0,TP,i,4,226
1,FP,i,6,226
2,FN,i,7,226
3,TN,i,4,226
4,TP,ii,1,226
0,TP,i,3,227
1,FP,i,6,227
2,FN,i,4,227
3,TN,i,8,227
4,TP,ii,1,227
0,TP,i,2,228
1,FP,i,4,228
2,FN,i,7,228
3,TN,i,8,228
4,TP,ii,1,228
0,TP,i,2,229
1,FP,i,8,229
2,FN,i,6,229
3,TN,i,5,229
4,TP,ii,0,229
0,TP,i,3,230
1,FP,i,7,230
2,FN,i,6,230
3,TN,i,5,230
4,TP,ii,1,230
0,TP,i,6,231
1,FP,i,6,231
2,FN,i,3,231
3,TN,i,6,231
4,TP,ii,1,231
0,TP,i,3,232
1,FP,i,2,232
2,FN,i,9,232
3,TN,i,7,232
4,TP,ii,0,232
0,TP,i,3,233
1,FP,i,5,233
2,FN,i,4,233
3,TN,i,9,233
4,TP,ii,1,233
0,TP,i,1,234
1,FP,i,6,234
2,FN,i,6,234
3,TN,i,8,234
4,TP,ii,2,234
0,TP,i,4,235
1,FP,i,4,235
2,FN,i,5,235
3,TN,i,8,235
4,TP,ii,0,235
0,TP,i,3,236
1,FP,i,5,236
2,FN,i,8,236
3,TN,i,5,236
4,TP,ii,1,236
0,TP,i,1,237
1,FP,i,6,237
2,FN,i,7,237
3,TN,i,7,237
4,TP,ii,0,237
0,TP,i,3,238
1,FP,i,5,238
2,FN,i,5,238
3,TN,i,8,238
4,TP,ii,2,238
0,TP,i,2,239
1,FP,i,0,239
2,FN,i,6,239
3,TN,i,13,239
4,TP,ii,5,239
0,TP,i,1,240
1,FP,i,7,240
2,FN,i,4,240
3,TN,i,9,240
4,TP,ii,1,240
0,TP,i,2,241
1,FP,i,4,241
2,FN,i,7,241
3,TN,i,8,241
4,TP,ii,2,241
0,TP,i,0,242
1,FP,i,4,242
2,FN,i,9,242
3,TN,i,8,242
4,TP,ii,2,242
0,TP,i,0,243
1,FP,i,2,243
2,FN,i,12,243
3,TN,i,7,243
4,TP,ii,1,243
0,TP,i,3,244
1,FP,i,4,244
2,FN,i,6,244
3,TN,i,8,244
4,TP,ii,1,244
0,TP,i,2,245
1,FP,i,4,245
2,FN,i,8,245
3,TN,i,7,245
4,TP,ii,1,245
0,TP,i,2,246
1,FP,i,5,246
2,FN,i,9,246
3,TN,i,5,246
4,TP,ii,1,246
0,TP,i,3,247
1,FP,i,5,247
2,FN,i,5,247
3,TN,i,8,247
4,TP,ii,1,247
0,TP,i,5,248
1,FP,i,2,248
2,FN,i,3,248
3,TN,i,11,248
4,TP,ii,1,248
0,TP,i,2,249
1,FP,i,7,249
2,FN,i,5,249
3,TN,i,7,249
4,TP,ii,0,249
0,TP,i,1,250
1,FP,i,7,250
2,FN,i,6,250
3,TN,i,7,250
4,TP,ii,0,250
0,TP,i,5,251
1,FP,i,4,251
2,FN,i,6,251
3,TN,i,6,251
4,TP,ii,0,251
0,TP,i,0,252
1,FP,i,3,252
2,FN,i,11,252
3,TN,i,7,252
4,TP,ii,2,252
0,TP,i,4,253
1,FP,i,4,253
2,FN,i,5,253
3,TN,i,8,253
4,TP,ii,2,253
0,TP,i,4,254
1,FP,i,5,254
2,FN,i,6,254
3,TN,i,6,254
4,TP,ii,0,254
0,TP,i,1,255
1,FP,i,5,255
2,FN,i,4,255
3,TN,i,11,255
4,TP,ii,1,255
0,TP,i,2,256
1,FP,i,3,256
2,FN,i,10,256
3,TN,i,6,256
4,TP,ii,1,256
0,TP,i,3,257
1,FP,i,4,257
2,FN,i,4,257
3,TN,i,10,257
4,TP,ii,2,257
0,TP,i,3,258
1,FP,i,5,258
2,FN,i,6,258
3,TN,i,7,258
4,TP,ii,2,258
0,TP,i,4,259
1,FP,i,5,259
2,FN,i,3,259
3,TN,i,9,259
4,TP,ii,2,259
0,TP,i,1,260
1,FP,i,3,260
2,FN,i,8,260
3,TN,i,9,260
4,TP,ii,1,260
0,TP,i,1,261
1,FP,i,3,261
2,FN,i,4,261
3,TN,i,13,261
4,TP,ii,1,261
0,TP,i,3,262
1,FP,i,7,262
2,FN,i,5,262
3,TN,i,6,262
4,TP,ii,0,262
0,TP,i,3,263
1,FP,i,5,263
2,FN,i,5,263
3,TN,i,8,263
4,TP,ii,0,263
0,TP,i,2,264
1,FP,i,5,264
2,FN,i,4,264
3,TN,i,10,264
4,TP,ii,1,264
0,TP,i,4,265
1,FP,i,5,265
2,FN,i,4,265
3,TN,i,8,265
4,TP,ii,1,265
0,TP,i,3,266
1,FP,i,4,266
2,FN,i,5,266
3,TN,i,9,266
4,TP,ii,3,266
0,TP,i,1,267
1,FP,i,9,267
2,FN,i,4,267
3,TN,i,7,267
4,TP,ii,0,267
0,TP,i,4,268
1,FP,i,6,268
2,FN,i,7,268
3,TN,i,4,268
4,TP,ii,0,268
0,TP,i,1,269
1,FP,i,5,269
2,FN,i,7,269
3,TN,i,8,269
4,TP,ii,0,269
0,TP,i,0,270
1,FP,i,4,270
2,FN,i,7,270
3,TN,i,10,270
4,TP,ii,1,270
0,TP,i,6,271
1,FP,i,5,271
2,FN,i,5,271
3,TN,i,5,271
4,TP,ii,1,271
0,TP,i,2,272
1,FP,i,5,272
2,FN,i,8,272
3,TN,i,6,272
4,TP,ii,1,272
0,TP,i,3,273
1,FP,i,5,273
2,FN,i,8,273
3,TN,i,5,273
4,TP,ii,3,273
0,TP,i,1,274
1,FP,i,5,274
2,FN,i,6,274
3,TN,i,9,274
4,TP,ii,0,274
0,TP,i,4,275
1,FP,i,7,275
2,FN,i,6,275
3,TN,i,4,275
4,TP,ii,1,275
0,TP,i,7,276
1,FP,i,4,276
2,FN,i,6,276
3,TN,i,4,276
4,TP,ii,0,276
0,TP,i,0,277
1,FP,i,4,277
2,FN,i,8,277
3,TN,i,9,277
4,TP,ii,2,277
0,TP,i,6,278
1,FP,i,2,278
2,FN,i,5,278
3,TN,i,8,278
4,TP,ii,0,278
0,TP,i,1,279
1,FP,i,6,279
2,FN,i,7,279
3,TN,i,7,279
4,TP,ii,0,279
0,TP,i,0,280
1,FP,i,3,280
2,FN,i,10,280
3,TN,i,8,280
4,TP,ii,0,280
0,TP,i,4,281
1,FP,i,7,281
2,FN,i,5,281
3,TN,i,5,281
4,TP,ii,2,281
0,TP,i,0,282
1,FP,i,7,282
2,FN,i,7,282
3,TN,i,7,282
4,TP,ii,2,282
0,TP,i,4,283
1,FP,i,3,283
2,FN,i,5,283
3,TN,i,9,283
4,TP,ii,3,283
0,TP,i,2,284
1,FP,i,5,284
2,FN,i,6,284
3,TN,i,8,284
4,TP,ii,0,284
0,TP,i,1,285
1,FP,i,6,285
2,FN,i,7,285
3,TN,i,7,285
4,TP,ii,1,285
0,TP,i,2,286
1,FP,i,3,286
2,FN,i,10,286
3,TN,i,6,286
4,TP,ii,0,286
0,TP,i,4,287
1,FP,i,2,287
2,FN,i,7,287
3,TN,i,8,287
4,TP,ii,0,287
0,TP,i,2,288
1,FP,i,6,288
2,FN,i,5,288
3,TN,i,8,288
4,TP,ii,1,288
0,TP,i,3,289
1,FP,i,6,289
2,FN,i,5,289
3,TN,i,7,289
4,TP,ii,1,289
0,TP,i,3,290
1,FP,i,1,290
2,FN,i,8,290
3,TN,i,9,290
4,TP,ii,0,290
0,TP,i,5,291
1,FP,i,3,291
2,FN,i,5,291
3,TN,i,8,291
4,TP,ii,0,291
0,TP,i,2,292
1,FP,i,5,292
2,FN,i,10,292
3,TN,i,4,292
4,TP,ii,0,292
0,TP,i,0,293
1,FP,i,7,293
2,FN,i,8,293
3,TN,i,6,293
4,TP,ii,0,293
0,TP,i,3,294
1,FP,i,3,294
2,FN,i,8,294
3,TN,i,7,294
4,TP,ii,2,294
0,TP,i,5,295
1,FP,i,4,295
2,FN,i,5,295
3,TN,i,7,295
4,TP,ii,1,295
0,TP,i,4,296
1,FP,i,6,296
2,FN,i,5,296
3,TN,i,6,296
4,TP,ii,1,296
0,TP,i,3,297
1,FP,i,3,297
2,FN,i,3,297
3,TN,i,12,297
4,TP,ii,1,297
0,TP,i,3,298
1,FP,i,6,298
2,FN,i,4,298
3,TN,i,8,298
4,TP,ii,2,298
0,TP,i,1,299
1,FP,i,6,299
2,FN,i,7,299
3,TN,i,7,299
4,TP,ii,0,299
0,TP,i,2,300
1,FP,i,4,300
2,FN,i,5,300
3,TN,i,10,300
4,TP,ii,1,300
0,TP,i,4,301
1,FP,i,2,301
2,FN,i,6,301
3,TN,i,9,301
4,TP,ii,1,301
0,TP,i,3,302
1,FP,i,4,302
2,FN,i,4,302
3,TN,i,10,302
4,TP,ii,1,302
0,TP,i,2,303
1,FP,i,3,303
2,FN,i,5,303
3,TN,i,11,303
4,TP,ii,2,303
0,TP,i,3,304
1,FP,i,5,304
2,FN,i,5,304
3,TN,i,8,304
4,TP,ii,1,304
0,TP,i,4,305
1,FP,i,7,305
2,FN,i,5,305
3,TN,i,5,305
4,TP,ii,1,305
0,TP,i,3,306
1,FP,i,7,306
2,FN,i,6,306
3,TN,i,5,306
4,TP,ii,1,306
0,TP,i,2,307
1,FP,i,2,307
2,FN,i,9,307
3,TN,i,8,307
4,TP,ii,3,307
0,TP,i,2,308
1,FP,i,5,308
2,FN,i,7,308
3,TN,i,7,308
4,TP,ii,0,308
0,TP,i,1,309
1,FP,i,6,309
2,FN,i,9,309
3,TN,i,5,309
4,TP,ii,2,309
0,TP,i,2,310
1,FP,i,3,310
2,FN,i,4,310
3,TN,i,12,310
4,TP,ii,1,310
0,TP,i,2,311
1,FP,i,6,311
2,FN,i,6,311
3,TN,i,7,311
4,TP,ii,0,311
0,TP,i,3,312
1,FP,i,6,312
2,FN,i,5,312
3,TN,i,7,312
4,TP,ii,0,312
0,TP,i,2,313
1,FP,i,4,313
2,FN,i,5,313
3,TN,i,10,313
4,TP,ii,2,313
0,TP,i,6,314
1,FP,i,6,314
2,FN,i,3,314
3,TN,i,6,314
4,TP,ii,0,314
0,TP,i,2,315
1,FP,i,7,315
2,FN,i,5,315
3,TN,i,7,315
4,TP,ii,1,315
0,TP,i,0,316
1,FP,i,3,316
2,FN,i,9,316
3,TN,i,9,316
4,TP,ii,0,316
0,TP,i,2,317
1,FP,i,10,317
2,FN,i,5,317
3,TN,i,4,317
4,TP,ii,0,317
0,TP,i,1,318
1,FP,i,4,318
2,FN,i,9,318
3,TN,i,7,318
4,TP,ii,0,318
0,TP,i,6,319
1,FP,i,6,319
2,FN,i,4,319
3,TN,i,5,319
4,TP,ii,0,319
0,TP,i,2,320
1,FP,i,6,320
2,FN,i,5,320
3,TN,i,8,320
4,TP,ii,1,320
0,TP,i,4,321
1,FP,i,6,321
2,FN,i,6,321
3,TN,i,5,321
4,TP,ii,1,321
0,TP,i,2,322
1,FP,i,3,322
2,FN,i,9,322
3,TN,i,7,322
4,TP,ii,2,322
0,TP,i,3,323
1,FP,i,8,323
2,FN,i,3,323
3,TN,i,7,323
4,TP,ii,0,323
0,TP,i,3,324
1,FP,i,7,324
2,FN,i,3,324
3,TN,i,8,324
4,TP,ii,1,324
0,TP,i,2,325
1,FP,i,6,325
2,FN,i,8,325
3,TN,i,5,325
4,TP,ii,0,325
0,TP,i,4,326
1,FP,i,2,326
2,FN,i,8,326
3,TN,i,7,326
4,TP,ii,2,326
0,TP,i,2,327
1,FP,i,9,327
2,FN,i,4,327
3,TN,i,6,327
4,TP,ii,1,327
0,TP,i,2,328
1,FP,i,6,328
2,FN,i,6,328
3,TN,i,7,328
4,TP,ii,3,328
0,TP,i,3,329
1,FP,i,4,329
2,FN,i,5,329
3,TN,i,9,329
4,TP,ii,0,329
0,TP,i,2,330
1,FP,i,5,330
2,FN,i,4,330
3,TN,i,10,330
4,TP,ii,1,330
0,TP,i,2,331
1,FP,i,4,331
2,FN,i,5,331
3,TN,i,10,331
4,TP,ii,0,331
0,TP,i,1,332
1,FP,i,1,332
2,FN,i,10,332
3,TN,i,9,332
4,TP,ii,1,332
0,TP,i,3,333
1,FP,i,5,333
2,FN,i,3,333
3,TN,i,10,333
4,TP,ii,2,333
0,TP,i,4,334
1,FP,i,4,334
2,FN,i,8,334
3,TN,i,5,334
4,TP,ii,1,334
0,TP,i,2,335
1,FP,i,4,335
2,FN,i,5,335
3,TN,i,10,335
4,TP,ii,2,335
0,TP,i,2,336
1,FP,i,3,336
2,FN,i,7,336
3,TN,i,9,336
4,TP,ii,3,336
0,TP,i,3,337
1,FP,i,6,337
2,FN,i,5,337
3,TN,i,7,337
4,TP,ii,0,337
0,TP,i,6,338
1,FP,i,5,338
2,FN,i,4,338
3,TN,i,6,338
4,TP,ii,1,338
0,TP,i,1,339
1,FP,i,1,339
2,FN,i,10,339
3,TN,i,9,339
4,TP,ii,1,339
0,TP,i,0,340
1,FP,i,6,340
2,FN,i,4,340
3,TN,i,11,340
4,TP,ii,0,340
0,TP,i,1,341
1,FP,i,8,341
2,FN,i,4,341
3,TN,i,8,341
4,TP,ii,1,341
0,TP,i,3,342
1,FP,i,6,342
2,FN,i,6,342
3,TN,i,6,342
4,TP,ii,0,342
0,TP,i,1,343
1,FP,i,6,343
2,FN,i,4,343
3,TN,i,10,343
4,TP,ii,2,343
0,TP,i,1,344
1,FP,i,5,344
2,FN,i,6,344
3,TN,i,9,344
4,TP,ii,0,344
0,TP,i,4,345
1,FP,i,4,345
2,FN,i,2,345
3,TN,i,11,345
4,TP,ii,1,345
0,TP,i,2,346
1,FP,i,8,346
2,FN,i,3,346
3,TN,i,8,346
4,TP,ii,3,346
0,TP,i,2,347
1,FP,i,6,347
2,FN,i,3,347
3,TN,i,10,347
4,TP,ii,2,347
0,TP,i,2,348
1,FP,i,4,348
2,FN,i,4,348
3,TN,i,11,348
4,TP,ii,1,348
0,TP,i,4,349
1,FP,i,4,349
2,FN,i,5,349
3,TN,i,8,349
4,TP,ii,1,349
0,TP,i,2,350
1,FP,i,4,350
2,FN,i,9,350
3,TN,i,6,350
4,TP,ii,0,350
0,TP,i,5,351
1,FP,i,6,351
2,FN,i,3,351
3,TN,i,7,351
4,TP,ii,2,351
0,TP,i,2,352
1,FP,i,3,352
2,FN,i,3,352
3,TN,i,13,352
4,TP,ii,1,352
0,TP,i,3,353
1,FP,i,7,353
2,FN,i,4,353
3,TN,i,7,353
4,TP,ii,2,353
0,TP,i,2,354
1,FP,i,5,354
2,FN,i,6,354
3,TN,i,8,354
4,TP,ii,1,354
0,TP,i,0,355
1,FP,i,9,355
2,FN,i,4,355
3,TN,i,8,355
4,TP,ii,1,355
0,TP,i,3,356
1,FP,i,4,356
2,FN,i,4,356
3,TN,i,10,356
4,TP,ii,2,356
0,TP,i,3,357
1,FP,i,6,357
2,FN,i,3,357
3,TN,i,9,357
4,TP,ii,2,357
0,TP,i,3,358
1,FP,i,1,358
2,FN,i,8,358
3,TN,i,9,358
4,TP,ii,2,358
0,TP,i,2,359
1,FP,i,1,359
2,FN,i,7,359
3,TN,i,11,359
4,TP,ii,1,359
0,TP,i,5,360
1,FP,i,7,360
2,FN,i,3,360
3,TN,i,6,360
4,TP,ii,1,360
0,TP,i,4,361
1,FP,i,4,361
2,FN,i,4,361
3,TN,i,9,361
4,TP,ii,0,361
0,TP,i,4,362
1,FP,i,5,362
2,FN,i,5,362
3,TN,i,7,362
4,TP,ii,2,362
0,TP,i,2,363
1,FP,i,5,363
2,FN,i,7,363
3,TN,i,7,363
4,TP,ii,1,363
0,TP,i,2,364
1,FP,i,6,364
2,FN,i,6,364
3,TN,i,7,364
4,TP,ii,1,364
0,TP,i,2,365
1,FP,i,5,365
2,FN,i,8,365
3,TN,i,6,365
4,TP,ii,1,365
0,TP,i,4,366
1,FP,i,7,366
2,FN,i,4,366
3,TN,i,6,366
4,TP,ii,0,366
0,TP,i,2,367
1,FP,i,4,367
2,FN,i,6,367
3,TN,i,9,367
4,TP,ii,2,367
0,TP,i,1,368
1,FP,i,5,368
2,FN,i,6,368
3,TN,i,9,368
4,TP,ii,0,368
0,TP,i,2,369
1,FP,i,6,369
2,FN,i,3,369
3,TN,i,10,369
4,TP,ii,0,369
0,TP,i,1,370
1,FP,i,3,370
2,FN,i,10,370
3,TN,i,7,370
4,TP,ii,0,370
0,TP,i,2,371
1,FP,i,3,371
2,FN,i,6,371
3,TN,i,10,371
4,TP,ii,2,371
0,TP,i,3,372
1,FP,i,7,372
2,FN,i,5,372
3,TN,i,6,372
4,TP,ii,0,372
0,TP,i,2,373
1,FP,i,5,373
2,FN,i,5,373
3,TN,i,9,373
4,TP,ii,2,373
0,TP,i,5,374
1,FP,i,5,374
2,FN,i,6,374
3,TN,i,5,374
4,TP,ii,0,374
0,TP,i,2,375
1,FP,i,9,375
2,FN,i,3,375
3,TN,i,7,375
4,TP,ii,0,375
0,TP,i,1,376
1,FP,i,3,376
2,FN,i,8,376
3,TN,i,9,376
4,TP,ii,2,376
0,TP,i,2,377
1,FP,i,5,377
2,FN,i,9,377
3,TN,i,5,377
4,TP,ii,0,377
0,TP,i,1,378
1,FP,i,2,378
2,FN,i,8,378
3,TN,i,10,378
4,TP,ii,3,378
0,TP,i,3,379
1,FP,i,7,379
2,FN,i,4,379
3,TN,i,7,379
4,TP,ii,1,379
0,TP,i,2,380
1,FP,i,0,380
2,FN,i,7,380
3,TN,i,12,380
4,TP,ii,2,380
0,TP,i,2,381
1,FP,i,9,381
2,FN,i,5,381
3,TN,i,5,381
4,TP,ii,1,381
0,TP,i,1,382
1,FP,i,4,382
2,FN,i,6,382
3,TN,i,10,382
4,TP,ii,1,382
0,TP,i,3,383
1,FP,i,5,383
2,FN,i,8,383
3,TN,i,5,383
4,TP,ii,2,383
0,TP,i,3,384
1,FP,i,4,384
2,FN,i,7,384
3,TN,i,7,384
4,TP,ii,1,384
0,TP,i,3,385
1,FP,i,6,385
2,FN,i,7,385
3,TN,i,5,385
4,TP,ii,1,385
0,TP,i,2,386
1,FP,i,4,386
2,FN,i,7,386
3,TN,i,8,386
4,TP,ii,0,386
0,TP,i,0,387
1,FP,i,3,387
2,FN,i,6,387
3,TN,i,12,387
4,TP,ii,0,387
0,TP,i,2,388
1,FP,i,6,388
2,FN,i,5,388
3,TN,i,8,388
4,TP,ii,1,388
0,TP,i,2,389
1,FP,i,6,389
2,FN,i,2,389
3,TN,i,11,389
4,TP,ii,0,389
0,TP,i,4,390
1,FP,i,5,390
2,FN,i,6,390
3,TN,i,6,390
4,TP,ii,1,390
0,TP,i,2,391
1,FP,i,8,391
2,FN,i,5,391
3,TN,i,6,391
4,TP,ii,1,391
0,TP,i,2,392
1,FP,i,4,392
2,FN,i,5,392
3,TN,i,10,392
4,TP,ii,2,392
0,TP,i,3,393
1,FP,i,6,393
2,FN,i,3,393
3,TN,i,9,393
4,TP,ii,1,393
0,TP,i,4,394
1,FP,i,4,394
2,FN,i,4,394
3,TN,i,9,394
4,TP,ii,2,394
0,TP,i,4,395
1,FP,i,5,395
2,FN,i,7,395
3,TN,i,5,395
4,TP,ii,0,395
0,TP,i,2,396
1,FP,i,4,396
2,FN,i,9,396
3,TN,i,6,396
4,TP,ii,2,396
0,TP,i,3,397
1,FP,i,5,397
2,FN,i,7,397
3,TN,i,6,397
4,TP,ii,1,397
0,TP,i,3,398
1,FP,i,4,398
2,FN,i,7,398
3,TN,i,7,398
4,TP,ii,2,398
0,TP,i,3,399
1,FP,i,1,399
2,FN,i,8,399
3,TN,i,9,399
4,TP,ii,1,399
0,TP,i,5,400
1,FP,i,7,400
2,FN,i,5,400
3,TN,i,4,400
4,TP,ii,0,400
0,TP,i,4,401
1,FP,i,5,401
2,FN,i,4,401
3,TN,i,8,401
4,TP,ii,0,401
0,TP,i,2,402
1,FP,i,6,402
2,FN,i,5,402
3,TN,i,8,402
4,TP,ii,1,402
0,TP,i,4,403
1,FP,i,7,403
2,FN,i,5,403
3,TN,i,5,403
4,TP,ii,0,403
0,TP,i,5,404
1,FP,i,5,404
2,FN,i,0,404
3,TN,i,11,404
4,TP,ii,0,404
0,TP,i,1,405
1,FP,i,1,405
2,FN,i,8,405
3,TN,i,11,405
4,TP,ii,1,405
0,TP,i,2,406
1,FP,i,2,406
2,FN,i,3,406
3,TN,i,14,406
4,TP,ii,0,406
0,TP,i,4,407
1,FP,i,6,407
2,FN,i,5,407
3,TN,i,6,407
4,TP,ii,0,407
0,TP,i,3,408
1,FP,i,9,408
2,FN,i,7,408
3,TN,i,2,408
4,TP,ii,0,408
0,TP,i,3,409
1,FP,i,5,409
2,FN,i,5,409
3,TN,i,8,409
4,TP,ii,0,409
0,TP,i,2,410
1,FP,i,5,410
2,FN,i,6,410
3,TN,i,8,410
4,TP,ii,0,410
0,TP,i,3,411
1,FP,i,5,411
2,FN,i,5,411
3,TN,i,8,411
4,TP,ii,0,411
0,TP,i,3,412
1,FP,i,8,412
2,FN,i,5,412
3,TN,i,5,412
4,TP,ii,0,412
0,TP,i,2,413
1,FP,i,4,413
2,FN,i,6,413
3,TN,i,9,413
4,TP,ii,0,413
0,TP,i,5,414
1,FP,i,6,414
2,FN,i,4,414
3,TN,i,6,414
4,TP,ii,1,414
0,TP,i,0,415
1,FP,i,5,415
2,FN,i,7,415
3,TN,i,9,415
4,TP,ii,1,415
0,TP,i,2,416
1,FP,i,4,416
2,FN,i,7,416
3,TN,i,8,416
4,TP,ii,0,416
0,TP,i,4,417
1,FP,i,6,417
2,FN,i,5,417
3,TN,i,6,417
4,TP,ii,1,417
0,TP,i,3,418
1,FP,i,3,418
2,FN,i,7,418
3,TN,i,8,418
4,TP,ii,2,418
0,TP,i,2,419
1,FP,i,6,419
2,FN,i,4,419
3,TN,i,9,419
4,TP,ii,3,419
0,TP,i,2,420
1,FP,i,7,420
2,FN,i,4,420
3,TN,i,8,420
4,TP,ii,4,420
0,TP,i,1,421
1,FP,i,5,421
2,FN,i,5,421
3,TN,i,10,421
4,TP,ii,2,421
0,TP,i,2,422
1,FP,i,3,422
2,FN,i,4,422
3,TN,i,12,422
4,TP,ii,1,422
0,TP,i,2,423
1,FP,i,7,423
2,FN,i,5,423
3,TN,i,7,423
4,TP,ii,1,423
0,TP,i,4,424
1,FP,i,5,424
2,FN,i,7,424
3,TN,i,5,424
4,TP,ii,0,424
0,TP,i,0,425
1,FP,i,4,425
2,FN,i,10,425
3,TN,i,7,425
4,TP,ii,2,425
0,TP,i,4,426
1,FP,i,3,426
2,FN,i,6,426
3,TN,i,8,426
4,TP,ii,2,426
0,TP,i,2,427
1,FP,i,9,427
2,FN,i,3,427
3,TN,i,7,427
4,TP,ii,0,427
0,TP,i,3,428
1,FP,i,1,428
2,FN,i,10,428
3,TN,i,7,428
4,TP,ii,0,428
0,TP,i,4,429
1,FP,i,5,429
2,FN,i,2,429
3,TN,i,10,429
4,TP,ii,0,429
0,TP,i,2,430
1,FP,i,5,430
2,FN,i,7,430
3,TN,i,7,430
4,TP,ii,1,430
0,TP,i,3,431
1,FP,i,6,431
2,FN,i,6,431
3,TN,i,6,431
4,TP,ii,1,431
0,TP,i,4,432
1,FP,i,4,432
2,FN,i,6,432
3,TN,i,7,432
4,TP,ii,0,432
0,TP,i,1,433
1,FP,i,3,433
2,FN,i,7,433
3,TN,i,10,433
4,TP,ii,3,433
0,TP,i,2,434
1,FP,i,6,434
2,FN,i,3,434
3,TN,i,10,434
4,TP,ii,1,434
0,TP,i,2,435
1,FP,i,8,435
2,FN,i,5,435
3,TN,i,6,435
4,TP,ii,1,435
0,TP,i,2,436
1,FP,i,7,436
2,FN,i,7,436
3,TN,i,5,436
4,TP,ii,1,436
0,TP,i,2,437
1,FP,i,6,437
2,FN,i,7,437
3,TN,i,6,437
4,TP,ii,0,437
0,TP,i,4,438
1,FP,i,5,438
2,FN,i,4,438
3,TN,i,8,438
4,TP,ii,2,438
0,TP,i,2,439
1,FP,i,7,439
2,FN,i,6,439
3,TN,i,6,439
4,TP,ii,0,439
0,TP,i,1,440
1,FP,i,3,440
2,FN,i,6,440
3,TN,i,11,440
4,TP,ii,1,440
0,TP,i,3,441
1,FP,i,9,441
2,FN,i,4,441
3,TN,i,5,441
4,TP,ii,1,441
0,TP,i,3,442
1,FP,i,8,442
2,FN,i,3,442
3,TN,i,7,442
4,TP,ii,0,442
0,TP,i,2,443
1,FP,i,5,443
2,FN,i,5,443
3,TN,i,9,443
4,TP,ii,0,443
0,TP,i,0,444
1,FP,i,9,444
2,FN,i,6,444
3,TN,i,6,444
4,TP,ii,0,444
0,TP,i,7,445
1,FP,i,3,445
2,FN,i,5,445
3,TN,i,6,445
4,TP,ii,1,445
0,TP,i,1,446
1,FP,i,10,446
2,FN,i,5,446
3,TN,i,5,446
4,TP,ii,2,446
0,TP,i,2,447
1,FP,i,4,447
2,FN,i,5,447
3,TN,i,10,447
4,TP,ii,3,447
0,TP,i,4,448
1,FP,i,7,448
2,FN,i,6,448
3,TN,i,4,448
4,TP,ii,1,448
0,TP,i,2,449
1,FP,i,2,449
2,FN,i,7,449
3,TN,i,10,449
4,TP,ii,3,449
0,TP,i,1,450
1,FP,i,4,450
2,FN,i,8,450
3,TN,i,8,450
4,TP,ii,1,450
0,TP,i,1,451
1,FP,i,5,451
2,FN,i,4,451
3,TN,i,11,451
4,TP,ii,0,451
0,TP,i,3,452
1,FP,i,5,452
2,FN,i,4,452
3,TN,i,9,452
4,TP,ii,1,452
0,TP,i,6,453
1,FP,i,4,453
2,FN,i,4,453
3,TN,i,7,453
4,TP,ii,1,453
0,TP,i,5,454
1,FP,i,5,454
2,FN,i,3,454
3,TN,i,8,454
4,TP,ii,1,454
0,TP,i,2,455
1,FP,i,5,455
2,FN,i,5,455
3,TN,i,9,455
4,TP,ii,0,455
0,TP,i,2,456
1,FP,i,3,456
2,FN,i,9,456
3,TN,i,7,456
4,TP,ii,0,456
0,TP,i,3,457
1,FP,i,6,457
2,FN,i,7,457
3,TN,i,5,457
4,TP,ii,1,457
0,TP,i,0,458
1,FP,i,4,458
2,FN,i,12,458
3,TN,i,5,458
4,TP,ii,2,458
0,TP,i,3,459
1,FP,i,2,459
2,FN,i,6,459
3,TN,i,10,459
4,TP,ii,1,459
0,TP,i,4,460
1,FP,i,5,460
2,FN,i,5,460
3,TN,i,7,460
4,TP,ii,0,460
0,TP,i,2,461
1,FP,i,8,461
2,FN,i,4,461
3,TN,i,7,461
4,TP,ii,1,461
0,TP,i,1,462
1,FP,i,7,462
2,FN,i,6,462
3,TN,i,7,462
4,TP,ii,1,462
0,TP,i,6,463
1,FP,i,4,463
2,FN,i,4,463
3,TN,i,7,463
4,TP,ii,1,463
0,TP,i,4,464
1,FP,i,3,464
2,FN,i,6,464
3,TN,i,8,464
4,TP,ii,2,464
0,TP,i,6,465
1,FP,i,6,465
2,FN,i,3,465
3,TN,i,6,465
4,TP,ii,2,465
0,TP,i,1,466
1,FP,i,3,466
2,FN,i,6,466
3,TN,i,11,466
4,TP,ii,0,466
0,TP,i,2,467
1,FP,i,5,467
2,FN,i,8,467
3,TN,i,6,467
4,TP,ii,0,467
0,TP,i,0,468
1,FP,i,5,468
2,FN,i,8,468
3,TN,i,8,468
4,TP,ii,2,468
0,TP,i,4,469
1,FP,i,5,469
2,FN,i,7,469
3,TN,i,5,469
4,TP,ii,2,469
0,TP,i,4,470
1,FP,i,4,470
2,FN,i,5,470
3,TN,i,8,470
4,TP,ii,0,470
0,TP,i,3,471
1,FP,i,5,471
2,FN,i,8,471
3,TN,i,5,471
4,TP,ii,0,471
0,TP,i,3,472
1,FP,i,4,472
2,FN,i,6,472
3,TN,i,8,472
4,TP,ii,1,472
0,TP,i,2,473
1,FP,i,3,473
2,FN,i,6,473
3,TN,i,10,473
4,TP,ii,3,473
0,TP,i,1,474
1,FP,i,7,474
2,FN,i,5,474
3,TN,i,8,474
4,TP,ii,1,474
0,TP,i,1,475
1,FP,i,3,475
2,FN,i,7,475
3,TN,i,10,475
4,TP,ii,3,475
0,TP,i,4,476
1,FP,i,6,476
2,FN,i,5,476
3,TN,i,6,476
4,TP,ii,3,476
0,TP,i,3,477
1,FP,i,4,477
2,FN,i,6,477
3,TN,i,8,477
4,TP,ii,2,477
0,TP,i,0,478
1,FP,i,9,478
2,FN,i,3,478
3,TN,i,9,478
4,TP,ii,1,478
0,TP,i,1,479
1,FP,i,6,479
2,FN,i,9,479
3,TN,i,5,479
4,TP,ii,2,479
0,TP,i,3,480
1,FP,i,5,480
2,FN,i,4,480
3,TN,i,9,480
4,TP,ii,1,480
0,TP,i,5,481
1,FP,i,3,481
2,FN,i,7,481
3,TN,i,6,481
4,TP,ii,0,481
0,TP,i,2,482
1,FP,i,5,482
2,FN,i,5,482
3,TN,i,9,482
4,TP,ii,0,482
0,TP,i,4,483
1,FP,i,6,483
2,FN,i,4,483
3,TN,i,7,483
4,TP,ii,2,483
0,TP,i,2,484
1,FP,i,2,484
2,FN,i,7,484
3,TN,i,10,484
4,TP,ii,3,484
0,TP,i,2,485
1,FP,i,6,485
2,FN,i,5,485
3,TN,i,8,485
4,TP,ii,1,485
0,TP,i,3,486
1,FP,i,7,486
2,FN,i,6,486
3,TN,i,5,486
4,TP,ii,2,486
0,TP,i,1,487
1,FP,i,6,487
2,FN,i,7,487
3,TN,i,7,487
4,TP,ii,0,487
0,TP,i,2,488
1,FP,i,3,488
2,FN,i,9,488
3,TN,i,7,488
4,TP,ii,0,488
0,TP,i,5,489
1,FP,i,3,489
2,FN,i,5,489
3,TN,i,8,489
4,TP,ii,0,489
0,TP,i,1,490
1,FP,i,3,490
2,FN,i,8,490
3,TN,i,9,490
4,TP,ii,0,490
0,TP,i,3,491
1,FP,i,3,491
2,FN,i,7,491
3,TN,i,8,491
4,TP,ii,2,491
0,TP,i,2,492
1,FP,i,4,492
2,FN,i,9,492
3,TN,i,6,492
4,TP,ii,2,492
0,TP,i,2,493
1,FP,i,6,493
2,FN,i,7,493
3,TN,i,6,493
4,TP,ii,2,493
0,TP,i,1,494
1,FP,i,4,494
2,FN,i,9,494
3,TN,i,7,494
4,TP,ii,2,494
0,TP,i,3,495
1,FP,i,6,495
2,FN,i,7,495
3,TN,i,5,495
4,TP,ii,0,495
0,TP,i,3,496
1,FP,i,5,496
2,FN,i,8,496
3,TN,i,5,496
4,TP,ii,0,496
0,TP,i,1,497
1,FP,i,6,497
2,FN,i,9,497
3,TN,i,5,497
4,TP,ii,1,497
0,TP,i,6,498
1,FP,i,5,498
2,FN,i,3,498
3,TN,i,7,498
4,TP,ii,2,498
0,TP,i,6,499
1,FP,i,4,499
2,FN,i,6,499
3,TN,i,5,499
4,TP,ii,0,499
0,TP,i,3,500
1,FP,i,8,500
2,FN,i,5,500
3,TN,i,5,500
4,TP,ii,2,500
0,TP,i,3,501
1,FP,i,6,501
2,FN,i,5,501
3,TN,i,7,501
4,TP,ii,0,501
0,TP,i,2,502
1,FP,i,11,502
2,FN,i,2,502
3,TN,i,6,502
4,TP,ii,2,502
0,TP,i,2,503
1,FP,i,3,503
2,FN,i,9,503
3,TN,i,7,503
4,TP,ii,1,503
0,TP,i,4,504
1,FP,i,4,504
2,FN,i,4,504
3,TN,i,9,504
4,TP,ii,1,504
0,TP,i,1,505
1,FP,i,5,505
2,FN,i,4,505
3,TN,i,11,505
4,TP,ii,1,505
0,TP,i,2,506
1,FP,i,5,506
2,FN,i,4,506
3,TN,i,10,506
4,TP,ii,1,506
0,TP,i,3,507
1,FP,i,2,507
2,FN,i,8,507
3,TN,i,8,507
4,TP,ii,2,507
0,TP,i,1,508
1,FP,i,5,508
2,FN,i,7,508
3,TN,i,8,508
4,TP,ii,0,508
0,TP,i,3,509
1,FP,i,9,509
2,FN,i,4,509
3,TN,i,5,509
4,TP,ii,0,509
0,TP,i,2,510
1,FP,i,5,510
2,FN,i,9,510
3,TN,i,5,510
4,TP,ii,0,510
0,TP,i,1,511
1,FP,i,5,511
2,FN,i,7,511
3,TN,i,8,511
4,TP,ii,0,511
0,TP,i,0,512
1,FP,i,2,512
2,FN,i,6,512
3,TN,i,13,512
4,TP,ii,4,512
0,TP,i,3,513
1,FP,i,4,513
2,FN,i,6,513
3,TN,i,8,513
4,TP,ii,2,513
0,TP,i,2,514
1,FP,i,6,514
2,FN,i,7,514
3,TN,i,6,514
4,TP,ii,1,514
0,TP,i,1,515
1,FP,i,3,515
2,FN,i,6,515
3,TN,i,11,515
4,TP,ii,1,515
0,TP,i,2,516
1,FP,i,3,516
2,FN,i,8,516
3,TN,i,8,516
4,TP,ii,1,516
0,TP,i,5,517
1,FP,i,1,517
2,FN,i,8,517
3,TN,i,7,517
4,TP,ii,0,517
0,TP,i,4,518
1,FP,i,3,518
2,FN,i,5,518
3,TN,i,9,518
4,TP,ii,1,518
0,TP,i,2,519
1,FP,i,8,519
2,FN,i,2,519
3,TN,i,9,519
4,TP,ii,1,519
0,TP,i,4,520
1,FP,i,3,520
2,FN,i,6,520
3,TN,i,8,520
4,TP,ii,1,520
0,TP,i,2,521
1,FP,i,5,521
2,FN,i,5,521
3,TN,i,9,521
4,TP,ii,1,521
0,TP,i,1,522
1,FP,i,7,522
2,FN,i,5,522
3,TN,i,8,522
4,TP,ii,0,522
0,TP,i,0,523
1,FP,i,5,523
2,FN,i,6,523
3,TN,i,10,523
4,TP,ii,0,523
0,TP,i,2,524
1,FP,i,6,524
2,FN,i,6,524
3,TN,i,7,524
4,TP,ii,0,524
0,TP,i,4,525
1,FP,i,4,525
2,FN,i,8,525
3,TN,i,5,525
4,TP,ii,1,525
0,TP,i,1,526
1,FP,i,5,526
2,FN,i,4,526
3,TN,i,11,526
4,TP,ii,2,526
0,TP,i,3,527
1,FP,i,7,527
2,FN,i,5,527
3,TN,i,6,527
4,TP,ii,1,527
0,TP,i,3,528
1,FP,i,9,528
2,FN,i,6,528
3,TN,i,3,528
4,TP,ii,0,528
0,TP,i,1,529
1,FP,i,3,529
2,FN,i,4,529
3,TN,i,13,529
4,TP,ii,0,529
0,TP,i,3,530
1,FP,i,6,530
2,FN,i,7,530
3,TN,i,5,530
4,TP,ii,0,530
0,TP,i,1,531
1,FP,i,6,531
2,FN,i,8,531
3,TN,i,6,531
4,TP,ii,0,531
0,TP,i,2,532
1,FP,i,6,532
2,FN,i,5,532
3,TN,i,8,532
4,TP,ii,0,532
0,TP,i,4,533
1,FP,i,6,533
2,FN,i,4,533
3,TN,i,7,533
4,TP,ii,1,533
0,TP,i,0,534
1,FP,i,9,534
2,FN,i,4,534
3,TN,i,8,534
4,TP,ii,2,534
0,TP,i,4,535
1,FP,i,3,535
2,FN,i,6,535
3,TN,i,8,535
4,TP,ii,1,535
0,TP,i,2,536
1,FP,i,5,536
2,FN,i,5,536
3,TN,i,9,536
4,TP,ii,2,536
0,TP,i,5,537
1,FP,i,4,537
2,FN,i,1,537
3,TN,i,11,537
4,TP,ii,2,537
0,TP,i,3,538
1,FP,i,4,538
2,FN,i,8,538
3,TN,i,6,538
4,TP,ii,0,538
0,TP,i,3,539
1,FP,i,6,539
2,FN,i,4,539
3,TN,i,8,539
4,TP,ii,0,539
0,TP,i,5,540
1,FP,i,6,540
2,FN,i,6,540
3,TN,i,4,540
4,TP,ii,0,540
0,TP,i,4,541
1,FP,i,4,541
2,FN,i,4,541
3,TN,i,9,541
4,TP,ii,1,541
0,TP,i,5,542
1,FP,i,3,542
2,FN,i,6,542
3,TN,i,7,542
4,TP,ii,1,542
0,TP,i,5,543
1,FP,i,4,543
2,FN,i,7,543
3,TN,i,5,543
4,TP,ii,1,543
0,TP,i,2,544
1,FP,i,4,544
2,FN,i,7,544
3,TN,i,8,544
4,TP,ii,1,544
0,TP,i,2,545
1,FP,i,7,545
2,FN,i,6,545
3,TN,i,6,545
4,TP,ii,0,545
0,TP,i,2,546
1,FP,i,4,546
2,FN,i,5,546
3,TN,i,10,546
4,TP,ii,3,546
0,TP,i,1,547
1,FP,i,7,547
2,FN,i,6,547
3,TN,i,7,547
4,TP,ii,1,547
0,TP,i,2,548
1,FP,i,8,548
2,FN,i,5,548
3,TN,i,6,548
4,TP,ii,2,548
0,TP,i,4,549
1,FP,i,6,549
2,FN,i,2,549
3,TN,i,9,549
4,TP,ii,2,549
0,TP,i,1,550
1,FP,i,4,550
2,FN,i,6,550
3,TN,i,10,550
4,TP,ii,3,550
0,TP,i,5,551
1,FP,i,5,551
2,FN,i,4,551
3,TN,i,7,551
4,TP,ii,2,551
0,TP,i,3,552
1,FP,i,6,552
2,FN,i,3,552
3,TN,i,9,552
4,TP,ii,1,552
0,TP,i,2,553
1,FP,i,6,553
2,FN,i,7,553
3,TN,i,6,553
4,TP,ii,1,553
0,TP,i,1,554
1,FP,i,4,554
2,FN,i,10,554
3,TN,i,6,554
4,TP,ii,1,554
0,TP,i,1,555
1,FP,i,3,555
2,FN,i,6,555
3,TN,i,11,555
4,TP,ii,1,555
0,TP,i,1,556
1,FP,i,6,556
2,FN,i,5,556
3,TN,i,9,556
4,TP,ii,1,556
0,TP,i,2,557
1,FP,i,7,557
2,FN,i,7,557
3,TN,i,5,557
4,TP,ii,0,557
0,TP,i,0,558
1,FP,i,6,558
2,FN,i,5,558
3,TN,i,10,558
4,TP,ii,1,558
0,TP,i,2,559
1,FP,i,5,559
2,FN,i,5,559
3,TN,i,9,559
4,TP,ii,1,559
0,TP,i,1,560
1,FP,i,4,560
2,FN,i,9,560
3,TN,i,7,560
4,TP,ii,3,560
0,TP,i,3,561
1,FP,i,3,561
2,FN,i,7,561
3,TN,i,8,561
4,TP,ii,1,561
0,TP,i,2,562
1,FP,i,6,562
2,FN,i,6,562
3,TN,i,7,562
4,TP,ii,0,562
0,TP,i,4,563
1,FP,i,1,563
2,FN,i,9,563
3,TN,i,7,563
4,TP,ii,0,563
0,TP,i,2,564
1,FP,i,7,564
2,FN,i,4,564
3,TN,i,8,564
4,TP,ii,0,564
0,TP,i,2,565
1,FP,i,7,565
2,FN,i,4,565
3,TN,i,8,565
4,TP,ii,1,565
0,TP,i,5,566
1,FP,i,2,566
2,FN,i,8,566
3,TN,i,6,566
4,TP,ii,1,566
0,TP,i,0,567
1,FP,i,6,567
2,FN,i,8,567
3,TN,i,7,567
4,TP,ii,1,567
0,TP,i,2,568
1,FP,i,9,568
2,FN,i,4,568
3,TN,i,6,568
4,TP,ii,1,568
0,TP,i,3,569
1,FP,i,5,569
2,FN,i,5,569
3,TN,i,8,569
4,TP,ii,2,569
0,TP,i,3,570
1,FP,i,4,570
2,FN,i,7,570
3,TN,i,7,570
4,TP,ii,0,570
0,TP,i,2,571
1,FP,i,8,571
2,FN,i,4,571
3,TN,i,7,571
4,TP,ii,1,571
0,TP,i,5,572
1,FP,i,5,572
2,FN,i,3,572
3,TN,i,8,572
4,TP,ii,1,572
0,TP,i,1,573
1,FP,i,3,573
2,FN,i,7,573
3,TN,i,10,573
4,TP,ii,2,573
0,TP,i,6,574
1,FP,i,6,574
2,FN,i,3,574
3,TN,i,6,574
4,TP,ii,1,574
0,TP,i,3,575
1,FP,i,9,575
2,FN,i,4,575
3,TN,i,5,575
4,TP,ii,0,575
0,TP,i,3,576
1,FP,i,5,576
2,FN,i,5,576
3,TN,i,8,576
4,TP,ii,1,576
0,TP,i,2,577
1,FP,i,4,577
2,FN,i,6,577
3,TN,i,9,577
4,TP,ii,3,577
0,TP,i,0,578
1,FP,i,9,578
2,FN,i,7,578
3,TN,i,5,578
4,TP,ii,1,578
0,TP,i,1,579
1,FP,i,7,579
2,FN,i,4,579
3,TN,i,9,579
4,TP,ii,0,579
0,TP,i,1,580
1,FP,i,5,580
2,FN,i,8,580
3,TN,i,7,580
4,TP,ii,1,580
0,TP,i,4,581
1,FP,i,3,581
2,FN,i,9,581
3,TN,i,5,581
4,TP,ii,1,581
0,TP,i,3,582
1,FP,i,4,582
2,FN,i,6,582
3,TN,i,8,582
4,TP,ii,0,582
0,TP,i,0,583
1,FP,i,5,583
2,FN,i,7,583
3,TN,i,9,583
4,TP,ii,1,583
0,TP,i,4,584
1,FP,i,5,584
2,FN,i,4,584
3,TN,i,8,584
4,TP,ii,0,584
0,TP,i,1,585
1,FP,i,8,585
2,FN,i,2,585
3,TN,i,10,585
4,TP,ii,0,585
0,TP,i,2,586
1,FP,i,3,586
2,FN,i,6,586
3,TN,i,10,586
4,TP,ii,0,586
0,TP,i,3,587
1,FP,i,7,587
2,FN,i,3,587
3,TN,i,8,587
4,TP,ii,0,587
0,TP,i,4,588
1,FP,i,7,588
2,FN,i,5,588
3,TN,i,5,588
4,TP,ii,1,588
0,TP,i,2,589
1,FP,i,6,589
2,FN,i,6,589
3,TN,i,7,589
4,TP,ii,0,589
0,TP,i,2,590
1,FP,i,4,590
2,FN,i,6,590
3,TN,i,9,590
4,TP,ii,1,590
0,TP,i,5,591
1,FP,i,4,591
2,FN,i,2,591
3,TN,i,10,591
4,TP,ii,1,591
0,TP,i,2,592
1,FP,i,4,592
2,FN,i,5,592
3,TN,i,10,592
4,TP,ii,1,592
0,TP,i,2,593
1,FP,i,1,593
2,FN,i,7,593
3,TN,i,11,593
4,TP,ii,2,593
0,TP,i,5,594
1,FP,i,2,594
2,FN,i,5,594
3,TN,i,9,594
4,TP,ii,3,594
0,TP,i,2,595
1,FP,i,5,595
2,FN,i,5,595
3,TN,i,9,595
4,TP,ii,0,595
0,TP,i,4,596
1,FP,i,5,596
2,FN,i,4,596
3,TN,i,8,596
4,TP,ii,0,596
0,TP,i,1,597
1,FP,i,8,597
2,FN,i,5,597
3,TN,i,7,597
4,TP,ii,0,597
0,TP,i,3,598
1,FP,i,4,598
2,FN,i,5,598
3,TN,i,9,598
4,TP,ii,0,598
0,TP,i,4,599
1,FP,i,7,599
2,FN,i,4,599
3,TN,i,6,599
4,TP,ii,0,599
0,TP,i,5,600
1,FP,i,6,600
2,FN,i,5,600
3,TN,i,5,600
4,TP,ii,2,600
0,TP,i,4,601
1,FP,i,6,601
2,FN,i,5,601
3,TN,i,6,601
4,TP,ii,1,601
0,TP,i,3,602
1,FP,i,8,602
2,FN,i,2,602
3,TN,i,8,602
4,TP,ii,2,602
0,TP,i,0,603
1,FP,i,4,603
2,FN,i,7,603
3,TN,i,10,603
4,TP,ii,0,603
0,TP,i,1,604
1,FP,i,5,604
2,FN,i,7,604
3,TN,i,8,604
4,TP,ii,2,604
0,TP,i,1,605
1,FP,i,6,605
2,FN,i,6,605
3,TN,i,8,605
4,TP,ii,1,605
0,TP,i,3,606
1,FP,i,5,606
2,FN,i,7,606
3,TN,i,6,606
4,TP,ii,0,606
0,TP,i,1,607
1,FP,i,5,607
2,FN,i,8,607
3,TN,i,7,607
4,TP,ii,1,607
0,TP,i,1,608
1,FP,i,1,608
2,FN,i,7,608
3,TN,i,12,608
4,TP,ii,2,608
0,TP,i,2,609
1,FP,i,6,609
2,FN,i,4,609
3,TN,i,9,609
4,TP,ii,0,609
0,TP,i,3,610
1,FP,i,7,610
2,FN,i,5,610
3,TN,i,6,610
4,TP,ii,0,610
0,TP,i,4,611
1,FP,i,7,611
2,FN,i,5,611
3,TN,i,5,611
4,TP,ii,0,611
0,TP,i,3,612
1,FP,i,3,612
2,FN,i,6,612
3,TN,i,9,612
4,TP,ii,0,612
0,TP,i,3,613
1,FP,i,5,613
2,FN,i,7,613
3,TN,i,6,613
4,TP,ii,1,613
0,TP,i,3,614
1,FP,i,3,614
2,FN,i,4,614
3,TN,i,11,614
4,TP,ii,2,614
0,TP,i,2,615
1,FP,i,6,615
2,FN,i,5,615
3,TN,i,8,615
4,TP,ii,1,615
0,TP,i,2,616
1,FP,i,6,616
2,FN,i,3,616
3,TN,i,10,616
4,TP,ii,1,616
0,TP,i,6,617
1,FP,i,6,617
2,FN,i,4,617
3,TN,i,5,617
4,TP,ii,1,617
0,TP,i,2,618
1,FP,i,4,618
2,FN,i,6,618
3,TN,i,9,618
4,TP,ii,2,618
0,TP,i,3,619
1,FP,i,2,619
2,FN,i,7,619
3,TN,i,9,619
4,TP,ii,0,619
0,TP,i,3,620
1,FP,i,3,620
2,FN,i,10,620
3,TN,i,5,620
4,TP,ii,0,620
0,TP,i,1,621
1,FP,i,5,621
2,FN,i,5,621
3,TN,i,10,621
4,TP,ii,1,621
0,TP,i,2,622
1,FP,i,3,622
2,FN,i,9,622
3,TN,i,7,622
4,TP,ii,0,622
0,TP,i,3,623
1,FP,i,9,623
2,FN,i,1,623
3,TN,i,8,623
4,TP,ii,1,623
0,TP,i,2,624
1,FP,i,12,624
2,FN,i,2,624
3,TN,i,5,624
4,TP,ii,1,624
0,TP,i,3,625
1,FP,i,8,625
2,FN,i,6,625
3,TN,i,4,625
4,TP,ii,0,625
0,TP,i,2,626
1,FP,i,6,626
2,FN,i,7,626
3,TN,i,6,626
4,TP,ii,0,626
0,TP,i,2,627
1,FP,i,9,627
2,FN,i,3,627
3,TN,i,7,627
4,TP,ii,1,627
0,TP,i,1,628
1,FP,i,4,628
2,FN,i,9,628
3,TN,i,7,628
4,TP,ii,1,628
0,TP,i,1,629
1,FP,i,2,629
2,FN,i,11,629
3,TN,i,7,629
4,TP,ii,0,629
0,TP,i,3,630
1,FP,i,1,630
2,FN,i,8,630
3,TN,i,9,630
4,TP,ii,1,630
0,TP,i,2,631
1,FP,i,6,631
2,FN,i,7,631
3,TN,i,6,631
4,TP,ii,1,631
0,TP,i,0,632
1,FP,i,6,632
2,FN,i,10,632
3,TN,i,5,632
4,TP,ii,1,632
0,TP,i,2,633
1,FP,i,6,633
2,FN,i,6,633
3,TN,i,7,633
4,TP,ii,0,633
0,TP,i,5,634
1,FP,i,5,634
2,FN,i,6,634
3,TN,i,5,634
4,TP,ii,0,634
0,TP,i,4,635
1,FP,i,6,635
2,FN,i,4,635
3,TN,i,7,635
4,TP,ii,0,635
0,TP,i,3,636
1,FP,i,8,636
2,FN,i,4,636
3,TN,i,6,636
4,TP,ii,1,636
0,TP,i,2,637
1,FP,i,2,637
2,FN,i,10,637
3,TN,i,7,637
4,TP,ii,1,637
0,TP,i,2,638
1,FP,i,7,638
2,FN,i,4,638
3,TN,i,8,638
4,TP,ii,0,638
0,TP,i,3,639
1,FP,i,1,639
2,FN,i,5,639
3,TN,i,12,639
4,TP,ii,1,639
0,TP,i,6,640
1,FP,i,5,640
2,FN,i,6,640
3,TN,i,4,640
4,TP,ii,1,640
0,TP,i,5,641
1,FP,i,4,641
2,FN,i,6,641
3,TN,i,6,641
4,TP,ii,2,641
0,TP,i,2,642
1,FP,i,8,642
2,FN,i,3,642
3,TN,i,8,642
4,TP,ii,1,642
0,TP,i,2,643
1,FP,i,2,643
2,FN,i,6,643
3,TN,i,11,643
4,TP,ii,0,643
0,TP,i,3,644
1,FP,i,6,644
2,FN,i,4,644
3,TN,i,8,644
4,TP,ii,0,644
0,TP,i,3,645
1,FP,i,7,645
2,FN,i,5,645
3,TN,i,6,645
4,TP,ii,1,645
0,TP,i,2,646
1,FP,i,9,646
2,FN,i,5,646
3,TN,i,5,646
4,TP,ii,1,646
0,TP,i,2,647
1,FP,i,7,647
2,FN,i,6,647
3,TN,i,6,647
4,TP,ii,3,647
0,TP,i,2,648
1,FP,i,10,648
2,FN,i,4,648
3,TN,i,5,648
4,TP,ii,2,648
0,TP,i,4,649
1,FP,i,6,649
2,FN,i,5,649
3,TN,i,6,649
4,TP,ii,0,649
0,TP,i,3,650
1,FP,i,7,650
2,FN,i,2,650
3,TN,i,9,650
4,TP,ii,0,650
0,TP,i,2,651
1,FP,i,4,651
2,FN,i,9,651
3,TN,i,6,651
4,TP,ii,0,651
0,TP,i,2,652
1,FP,i,8,652
2,FN,i,4,652
3,TN,i,7,652
4,TP,ii,0,652
0,TP,i,3,653
1,FP,i,5,653
2,FN,i,6,653
3,TN,i,7,653
4,TP,ii,0,653
0,TP,i,1,654
1,FP,i,7,654
2,FN,i,6,654
3,TN,i,7,654
4,TP,ii,0,654
0,TP,i,2,655
1,FP,i,5,655
2,FN,i,4,655
3,TN,i,10,655
4,TP,ii,1,655
0,TP,i,2,656
1,FP,i,3,656
2,FN,i,9,656
3,TN,i,7,656
4,TP,ii,1,656
0,TP,i,3,657
1,FP,i,5,657
2,FN,i,5,657
3,TN,i,8,657
4,TP,ii,1,657
0,TP,i,2,658
1,FP,i,6,658
2,FN,i,5,658
3,TN,i,8,658
4,TP,ii,0,658
0,TP,i,4,659
1,FP,i,3,659
2,FN,i,5,659
3,TN,i,9,659
4,TP,ii,1,659
0,TP,i,4,660
1,FP,i,7,660
2,FN,i,5,660
3,TN,i,5,660
4,TP,ii,2,660
0,TP,i,4,661
1,FP,i,4,661
2,FN,i,3,661
3,TN,i,10,661
4,TP,ii,1,661
0,TP,i,4,662
1,FP,i,4,662
2,FN,i,5,662
3,TN,i,8,662
4,TP,ii,0,662
0,TP,i,2,663
1,FP,i,4,663
2,FN,i,7,663
3,TN,i,8,663
4,TP,ii,1,663
0,TP,i,3,664
1,FP,i,4,664
2,FN,i,4,664
3,TN,i,10,664
4,TP,ii,3,664
0,TP,i,1,665
1,FP,i,5,665
2,FN,i,5,665
3,TN,i,10,665
4,TP,ii,1,665
0,TP,i,2,666
1,FP,i,5,666
2,FN,i,5,666
3,TN,i,9,666
4,TP,ii,1,666
0,TP,i,5,667
1,FP,i,7,667
2,FN,i,5,667
3,TN,i,4,667
4,TP,ii,0,667
0,TP,i,3,668
1,FP,i,5,668
2,FN,i,4,668
3,TN,i,9,668
4,TP,ii,2,668
0,TP,i,2,669
1,FP,i,4,669
2,FN,i,5,669
3,TN,i,10,669
4,TP,ii,1,669
0,TP,i,5,670
1,FP,i,9,670
2,FN,i,2,670
3,TN,i,5,670
4,TP,ii,0,670
0,TP,i,4,671
1,FP,i,4,671
2,FN,i,7,671
3,TN,i,6,671
4,TP,ii,0,671
0,TP,i,1,672
1,FP,i,7,672
2,FN,i,9,672
3,TN,i,4,672
4,TP,ii,1,672
0,TP,i,4,673
1,FP,i,7,673
2,FN,i,2,673
3,TN,i,8,673
4,TP,ii,1,673
0,TP,i,2,674
1,FP,i,5,674
2,FN,i,6,674
3,TN,i,8,674
4,TP,ii,1,674
0,TP,i,1,675
1,FP,i,4,675
2,FN,i,7,675
3,TN,i,9,675
4,TP,ii,1,675
0,TP,i,2,676
1,FP,i,7,676
2,FN,i,6,676
3,TN,i,6,676
4,TP,ii,1,676
0,TP,i,3,677
1,FP,i,5,677
2,FN,i,5,677
3,TN,i,8,677
4,TP,ii,3,677
0,TP,i,2,678
1,FP,i,4,678
2,FN,i,7,678
3,TN,i,8,678
4,TP,ii,2,678
0,TP,i,1,679
1,FP,i,6,679
2,FN,i,5,679
3,TN,i,9,679
4,TP,ii,1,679
0,TP,i,2,680
1,FP,i,5,680
2,FN,i,5,680
3,TN,i,9,680
4,TP,ii,1,680
0,TP,i,5,681
1,FP,i,4,681
2,FN,i,4,681
3,TN,i,8,681
4,TP,ii,2,681
0,TP,i,1,682
1,FP,i,3,682
2,FN,i,9,682
3,TN,i,8,682
4,TP,ii,1,682
0,TP,i,2,683
1,FP,i,7,683
2,FN,i,5,683
3,TN,i,7,683
4,TP,ii,0,683
0,TP,i,4,684
1,FP,i,7,684
2,FN,i,4,684
3,TN,i,6,684
4,TP,ii,0,684
0,TP,i,1,685
1,FP,i,7,685
2,FN,i,7,685
3,TN,i,6,685
4,TP,ii,0,685
0,TP,i,1,686
1,FP,i,4,686
2,FN,i,8,686
3,TN,i,8,686
4,TP,ii,1,686
0,TP,i,4,687
1,FP,i,8,687
2,FN,i,2,687
3,TN,i,7,687
4,TP,ii,0,687
0,TP,i,5,688
1,FP,i,8,688
2,FN,i,3,688
3,TN,i,5,688
4,TP,ii,0,688
0,TP,i,3,689
1,FP,i,3,689
2,FN,i,6,689
3,TN,i,9,689
4,TP,ii,1,689
0,TP,i,3,690
1,FP,i,6,690
2,FN,i,5,690
3,TN,i,7,690
4,TP,ii,1,690
0,TP,i,5,691
1,FP,i,5,691
2,FN,i,6,691
3,TN,i,5,691
4,TP,ii,0,691
0,TP,i,2,692
1,FP,i,6,692
2,FN,i,6,692
3,TN,i,7,692
4,TP,ii,1,692
0,TP,i,2,693
1,FP,i,2,693
2,FN,i,8,693
3,TN,i,9,693
4,TP,ii,1,693
0,TP,i,2,694
1,FP,i,3,694
2,FN,i,8,694
3,TN,i,8,694
4,TP,ii,1,694
0,TP,i,3,695
1,FP,i,5,695
2,FN,i,8,695
3,TN,i,5,695
4,TP,ii,0,695
0,TP,i,1,696
1,FP,i,5,696
2,FN,i,7,696
3,TN,i,8,696
4,TP,ii,0,696
0,TP,i,3,697
1,FP,i,3,697
2,FN,i,6,697
3,TN,i,9,697
4,TP,ii,3,697
0,TP,i,3,698
1,FP,i,9,698
2,FN,i,4,698
3,TN,i,5,698
4,TP,ii,1,698
0,TP,i,1,699
1,FP,i,8,699
2,FN,i,6,699
3,TN,i,6,699
4,TP,ii,0,699
0,TP,i,0,700
1,FP,i,7,700
2,FN,i,6,700
3,TN,i,8,700
4,TP,ii,0,700
0,TP,i,3,701
1,FP,i,8,701
2,FN,i,3,701
3,TN,i,7,701
4,TP,ii,1,701
0,TP,i,4,702
1,FP,i,3,702
2,FN,i,6,702
3,TN,i,8,702
4,TP,ii,0,702
0,TP,i,4,703
1,FP,i,3,703
2,FN,i,5,703
3,TN,i,9,703
4,TP,ii,0,703
0,TP,i,2,704
1,FP,i,4,704
2,FN,i,7,704
3,TN,i,8,704
4,TP,ii,1,704
0,TP,i,1,705
1,FP,i,4,705
2,FN,i,9,705
3,TN,i,7,705
4,TP,ii,0,705
0,TP,i,2,706
1,FP,i,3,706
2,FN,i,8,706
3,TN,i,8,706
4,TP,ii,0,706
0,TP,i,2,707
1,FP,i,4,707
2,FN,i,6,707
3,TN,i,9,707
4,TP,ii,2,707
0,TP,i,2,708
1,FP,i,3,708
2,FN,i,9,708
3,TN,i,7,708
4,TP,ii,0,708
0,TP,i,2,709
1,FP,i,5,709
2,FN,i,4,709
3,TN,i,10,709
4,TP,ii,0,709
0,TP,i,3,710
1,FP,i,5,710
2,FN,i,6,710
3,TN,i,7,710
4,TP,ii,1,710
0,TP,i,3,711
1,FP,i,7,711
2,FN,i,5,711
3,TN,i,6,711
4,TP,ii,0,711
0,TP,i,2,712
1,FP,i,4,712
2,FN,i,7,712
3,TN,i,8,712
4,TP,ii,0,712
0,TP,i,3,713
1,FP,i,7,713
2,FN,i,3,713
3,TN,i,8,713
4,TP,ii,1,713
0,TP,i,3,714
1,FP,i,7,714
2,FN,i,6,714
3,TN,i,5,714
4,TP,ii,0,714
0,TP,i,0,715
1,FP,i,8,715
2,FN,i,3,715
3,TN,i,10,715
4,TP,ii,1,715
0,TP,i,1,716
1,FP,i,7,716
2,FN,i,4,716
3,TN,i,9,716
4,TP,ii,0,716
0,TP,i,3,717
1,FP,i,6,717
2,FN,i,5,717
3,TN,i,7,717
4,TP,ii,1,717
0,TP,i,2,718
1,FP,i,9,718
2,FN,i,4,718
3,TN,i,6,718
4,TP,ii,1,718
0,TP,i,4,719
1,FP,i,5,719
2,FN,i,6,719
3,TN,i,6,719
4,TP,ii,0,719
0,TP,i,1,720
1,FP,i,4,720
2,FN,i,7,720
3,TN,i,9,720
4,TP,ii,1,720
0,TP,i,1,721
1,FP,i,3,721
2,FN,i,5,721
3,TN,i,12,721
4,TP,ii,1,721
0,TP,i,2,722
1,FP,i,5,722
2,FN,i,7,722
3,TN,i,7,722
4,TP,ii,1,722
0,TP,i,2,723
1,FP,i,4,723
2,FN,i,9,723
3,TN,i,6,723
4,TP,ii,2,723
0,TP,i,3,724
1,FP,i,6,724
2,FN,i,6,724
3,TN,i,6,724
4,TP,ii,2,724
0,TP,i,0,725
1,FP,i,2,725
2,FN,i,6,725
3,TN,i,13,725
4,TP,ii,3,725
0,TP,i,5,726
1,FP,i,6,726
2,FN,i,4,726
3,TN,i,6,726
4,TP,ii,1,726
0,TP,i,2,727
1,FP,i,7,727
2,FN,i,6,727
3,TN,i,6,727
4,TP,ii,1,727
0,TP,i,1,728
1,FP,i,4,728
2,FN,i,9,728
3,TN,i,7,728
4,TP,ii,0,728
0,TP,i,1,729
1,FP,i,4,729
2,FN,i,4,729
3,TN,i,12,729
4,TP,ii,3,729
0,TP,i,1,730
1,FP,i,5,730
2,FN,i,7,730
3,TN,i,8,730
4,TP,ii,0,730
0,TP,i,2,731
1,FP,i,8,731
2,FN,i,6,731
3,TN,i,5,731
4,TP,ii,0,731
0,TP,i,2,732
1,FP,i,6,732
2,FN,i,6,732
3,TN,i,7,732
4,TP,ii,1,732
0,TP,i,4,733
1,FP,i,5,733
2,FN,i,2,733
3,TN,i,10,733
4,TP,ii,0,733
0,TP,i,4,734
1,FP,i,7,734
2,FN,i,5,734
3,TN,i,5,734
4,TP,ii,0,734
0,TP,i,2,735
1,FP,i,6,735
2,FN,i,6,735
3,TN,i,7,735
4,TP,ii,2,735
0,TP,i,2,736
1,FP,i,7,736
2,FN,i,2,736
3,TN,i,10,736
4,TP,ii,0,736
0,TP,i,3,737
1,FP,i,6,737
2,FN,i,4,737
3,TN,i,8,737
4,TP,ii,1,737
0,TP,i,4,738
1,FP,i,3,738
2,FN,i,7,738
3,TN,i,7,738
4,TP,ii,0,738
0,TP,i,4,739
1,FP,i,4,739
2,FN,i,4,739
3,TN,i,9,739
4,TP,ii,2,739
0,TP,i,0,740
1,FP,i,3,740
2,FN,i,7,740
3,TN,i,11,740
4,TP,ii,4,740
0,TP,i,5,741
1,FP,i,3,741
2,FN,i,6,741
3,TN,i,7,741
4,TP,ii,0,741
0,TP,i,1,742
1,FP,i,4,742
2,FN,i,7,742
3,TN,i,9,742
4,TP,ii,1,742
0,TP,i,2,743
1,FP,i,9,743
2,FN,i,3,743
3,TN,i,7,743
4,TP,ii,2,743
0,TP,i,4,744
1,FP,i,7,744
2,FN,i,4,744
3,TN,i,6,744
4,TP,ii,0,744
0,TP,i,4,745
1,FP,i,7,745
2,FN,i,2,745
3,TN,i,8,745
4,TP,ii,1,745
0,TP,i,3,746
1,FP,i,6,746
2,FN,i,6,746
3,TN,i,6,746
4,TP,ii,1,746
0,TP,i,2,747
1,FP,i,6,747
2,FN,i,4,747
3,TN,i,9,747
4,TP,ii,1,747
0,TP,i,7,748
1,FP,i,4,748
2,FN,i,5,748
3,TN,i,5,748
4,TP,ii,0,748
0,TP,i,6,749
1,FP,i,1,749
2,FN,i,5,749
3,TN,i,9,749
4,TP,ii,1,749
0,TP,i,4,750
1,FP,i,3,750
2,FN,i,7,750
3,TN,i,7,750
4,TP,ii,0,750
0,TP,i,4,751
1,FP,i,5,751
2,FN,i,5,751
3,TN,i,7,751
4,TP,ii,0,751
0,TP,i,3,752
1,FP,i,6,752
2,FN,i,4,752
3,TN,i,8,752
4,TP,ii,0,752
0,TP,i,4,753
1,FP,i,7,753
2,FN,i,4,753
3,TN,i,6,753
4,TP,ii,1,753
0,TP,i,3,754
1,FP,i,1,754
2,FN,i,6,754
3,TN,i,11,754
4,TP,ii,3,754
0,TP,i,1,755
1,FP,i,7,755
2,FN,i,5,755
3,TN,i,8,755
4,TP,ii,0,755
0,TP,i,2,756
1,FP,i,5,756
2,FN,i,6,756
3,TN,i,8,756
4,TP,ii,0,756
0,TP,i,4,757
1,FP,i,2,757
2,FN,i,7,757
3,TN,i,8,757
4,TP,ii,0,757
0,TP,i,3,758
1,FP,i,2,758
2,FN,i,9,758
3,TN,i,7,758
4,TP,ii,1,758
0,TP,i,2,759
1,FP,i,6,759
2,FN,i,4,759
3,TN,i,9,759
4,TP,ii,0,759
0,TP,i,1,760
1,FP,i,3,760
2,FN,i,8,760
3,TN,i,9,760
4,TP,ii,1,760
0,TP,i,2,761
1,FP,i,7,761
2,FN,i,7,761
3,TN,i,5,761
4,TP,ii,1,761
0,TP,i,3,762
1,FP,i,4,762
2,FN,i,5,762
3,TN,i,9,762
4,TP,ii,0,762
0,TP,i,2,763
1,FP,i,4,763
2,FN,i,9,763
3,TN,i,6,763
4,TP,ii,1,763
0,TP,i,2,764
1,FP,i,4,764
2,FN,i,6,764
3,TN,i,9,764
4,TP,ii,0,764
0,TP,i,0,765
1,FP,i,6,765
2,FN,i,5,765
3,TN,i,10,765
4,TP,ii,0,765
0,TP,i,1,766
1,FP,i,2,766
2,FN,i,9,766
3,TN,i,9,766
4,TP,ii,2,766
0,TP,i,3,767
1,FP,i,5,767
2,FN,i,8,767
3,TN,i,5,767
4,TP,ii,0,767
0,TP,i,3,768
1,FP,i,4,768
2,FN,i,9,768
3,TN,i,5,768
4,TP,ii,1,768
0,TP,i,2,769
1,FP,i,5,769
2,FN,i,5,769
3,TN,i,9,769
4,TP,ii,3,769
0,TP,i,3,770
1,FP,i,3,770
2,FN,i,7,770
3,TN,i,8,770
4,TP,ii,0,770
0,TP,i,2,771
1,FP,i,5,771
2,FN,i,6,771
3,TN,i,8,771
4,TP,ii,1,771
0,TP,i,2,772
1,FP,i,5,772
2,FN,i,6,772
3,TN,i,8,772
4,TP,ii,2,772
0,TP,i,1,773
1,FP,i,7,773
2,FN,i,3,773
3,TN,i,10,773
4,TP,ii,0,773
0,TP,i,0,774
1,FP,i,4,774
2,FN,i,8,774
3,TN,i,9,774
4,TP,ii,3,774
0,TP,i,3,775
1,FP,i,6,775
2,FN,i,7,775
3,TN,i,5,775
4,TP,ii,2,775
0,TP,i,2,776
1,FP,i,8,776
2,FN,i,5,776
3,TN,i,6,776
4,TP,ii,0,776
0,TP,i,4,777
1,FP,i,4,777
2,FN,i,8,777
3,TN,i,5,777
4,TP,ii,1,777
0,TP,i,3,778
1,FP,i,6,778
2,FN,i,4,778
3,TN,i,8,778
4,TP,ii,1,778
0,TP,i,2,779
1,FP,i,4,779
2,FN,i,7,779
3,TN,i,8,779
4,TP,ii,0,779
0,TP,i,4,780
1,FP,i,5,780
2,FN,i,6,780
3,TN,i,6,780
4,TP,ii,1,780
0,TP,i,1,781
1,FP,i,4,781
2,FN,i,5,781
3,TN,i,11,781
4,TP,ii,0,781
0,TP,i,4,782
1,FP,i,6,782
2,FN,i,6,782
3,TN,i,5,782
4,TP,ii,1,782
0,TP,i,5,783
1,FP,i,4,783
2,FN,i,8,783
3,TN,i,4,783
4,TP,ii,0,783
0,TP,i,2,784
1,FP,i,5,784
2,FN,i,4,784
3,TN,i,10,784
4,TP,ii,2,784
0,TP,i,3,785
1,FP,i,4,785
2,FN,i,4,785
3,TN,i,10,785
4,TP,ii,1,785
0,TP,i,4,786
1,FP,i,4,786
2,FN,i,4,786
3,TN,i,9,786
4,TP,ii,2,786
0,TP,i,5,787
1,FP,i,8,787
2,FN,i,1,787
3,TN,i,7,787
4,TP,ii,1,787
0,TP,i,2,788
1,FP,i,4,788
2,FN,i,6,788
3,TN,i,9,788
4,TP,ii,2,788
0,TP,i,2,789
1,FP,i,4,789
2,FN,i,4,789
3,TN,i,11,789
4,TP,ii,2,789
0,TP,i,6,790
1,FP,i,4,790
2,FN,i,6,790
3,TN,i,5,790
4,TP,ii,1,790
0,TP,i,2,791
1,FP,i,3,791
2,FN,i,4,791
3,TN,i,12,791
4,TP,ii,2,791
0,TP,i,0,792
1,FP,i,4,792
2,FN,i,9,792
3,TN,i,8,792
4,TP,ii,1,792
0,TP,i,3,793
1,FP,i,8,793
2,FN,i,6,793
3,TN,i,4,793
4,TP,ii,0,793
0,TP,i,1,794
1,FP,i,3,794
2,FN,i,9,794
3,TN,i,8,794
4,TP,ii,0,794
0,TP,i,2,795
1,FP,i,8,795
2,FN,i,3,795
3,TN,i,8,795
4,TP,ii,0,795
0,TP,i,3,796
1,FP,i,1,796
2,FN,i,8,796
3,TN,i,9,796
4,TP,ii,1,796
0,TP,i,4,797
1,FP,i,4,797
2,FN,i,6,797
3,TN,i,7,797
4,TP,ii,0,797
0,TP,i,5,798
1,FP,i,8,798
2,FN,i,4,798
3,TN,i,4,798
4,TP,ii,0,798
0,TP,i,2,799
1,FP,i,5,799
2,FN,i,4,799
3,TN,i,10,799
4,TP,ii,1,799
0,TP,i,3,800
1,FP,i,6,800
2,FN,i,5,800
3,TN,i,7,800
4,TP,ii,0,800
0,TP,i,1,801
1,FP,i,4,801
2,FN,i,12,801
3,TN,i,4,801
4,TP,ii,0,801
0,TP,i,4,802
1,FP,i,5,802
2,FN,i,7,802
3,TN,i,5,802
4,TP,ii,0,802
0,TP,i,1,803
1,FP,i,7,803
2,FN,i,6,803
3,TN,i,7,803
4,TP,ii,0,803
0,TP,i,5,804
1,FP,i,3,804
2,FN,i,6,804
3,TN,i,7,804
4,TP,ii,2,804
0,TP,i,1,805
1,FP,i,3,805
2,FN,i,11,805
3,TN,i,6,805
4,TP,ii,1,805
0,TP,i,4,806
1,FP,i,5,806
2,FN,i,6,806
3,TN,i,6,806
4,TP,ii,0,806
0,TP,i,6,807
1,FP,i,7,807
2,FN,i,3,807
3,TN,i,5,807
4,TP,ii,1,807
0,TP,i,2,808
1,FP,i,2,808
2,FN,i,9,808
3,TN,i,8,808
4,TP,ii,0,808
0,TP,i,2,809
1,FP,i,4,809
2,FN,i,4,809
3,TN,i,11,809
4,TP,ii,1,809
0,TP,i,3,810
1,FP,i,6,810
2,FN,i,6,810
3,TN,i,6,810
4,TP,ii,0,810
0,TP,i,1,811
1,FP,i,8,811
2,FN,i,3,811
3,TN,i,9,811
4,TP,ii,2,811
0,TP,i,5,812
1,FP,i,5,812
2,FN,i,5,812
3,TN,i,6,812
4,TP,ii,0,812
0,TP,i,4,813
1,FP,i,5,813
2,FN,i,5,813
3,TN,i,7,813
4,TP,ii,2,813
0,TP,i,3,814
1,FP,i,5,814
2,FN,i,6,814
3,TN,i,7,814
4,TP,ii,1,814
0,TP,i,3,815
1,FP,i,5,815
2,FN,i,4,815
3,TN,i,9,815
4,TP,ii,1,815
0,TP,i,3,816
1,FP,i,3,816
2,FN,i,5,816
3,TN,i,10,816
4,TP,ii,1,816
0,TP,i,3,817
1,FP,i,7,817
2,FN,i,6,817
3,TN,i,5,817
4,TP,ii,2,817
0,TP,i,3,818
1,FP,i,4,818
2,FN,i,8,818
3,TN,i,6,818
4,TP,ii,2,818
0,TP,i,4,819
1,FP,i,1,819
2,FN,i,3,819
3,TN,i,13,819
4,TP,ii,0,819
0,TP,i,3,820
1,FP,i,2,820
2,FN,i,6,820
3,TN,i,10,820
4,TP,ii,3,820
0,TP,i,2,821
1,FP,i,8,821
2,FN,i,4,821
3,TN,i,7,821
4,TP,ii,0,821
0,TP,i,2,822
1,FP,i,7,822
2,FN,i,4,822
3,TN,i,8,822
4,TP,ii,1,822
0,TP,i,1,823
1,FP,i,5,823
2,FN,i,8,823
3,TN,i,7,823
4,TP,ii,2,823
0,TP,i,2,824
1,FP,i,3,824
2,FN,i,7,824
3,TN,i,9,824
4,TP,ii,1,824
0,TP,i,0,825
1,FP,i,8,825
2,FN,i,7,825
3,TN,i,6,825
4,TP,ii,0,825
0,TP,i,2,826
1,FP,i,5,826
2,FN,i,5,826
3,TN,i,9,826
4,TP,ii,1,826
0,TP,i,6,827
1,FP,i,4,827
2,FN,i,8,827
3,TN,i,3,827
4,TP,ii,1,827
0,TP,i,3,828
1,FP,i,6,828
2,FN,i,7,828
3,TN,i,5,828
4,TP,ii,1,828
0,TP,i,1,829
1,FP,i,4,829
2,FN,i,9,829
3,TN,i,7,829
4,TP,ii,0,829
0,TP,i,4,830
1,FP,i,4,830
2,FN,i,3,830
3,TN,i,10,830
4,TP,ii,1,830
0,TP,i,4,831
1,FP,i,4,831
2,FN,i,5,831
3,TN,i,8,831
4,TP,ii,2,831
0,TP,i,1,832
1,FP,i,8,832
2,FN,i,5,832
3,TN,i,7,832
4,TP,ii,0,832
0,TP,i,3,833
1,FP,i,6,833
2,FN,i,7,833
3,TN,i,5,833
4,TP,ii,0,833
0,TP,i,4,834
1,FP,i,5,834
2,FN,i,8,834
3,TN,i,4,834
4,TP,ii,0,834
0,TP,i,2,835
1,FP,i,8,835
2,FN,i,2,835
3,TN,i,9,835
4,TP,ii,1,835
0,TP,i,1,836
1,FP,i,10,836
2,FN,i,5,836
3,TN,i,5,836
4,TP,ii,0,836
0,TP,i,3,837
1,FP,i,8,837
2,FN,i,3,837
3,TN,i,7,837
4,TP,ii,1,837
0,TP,i,2,838
1,FP,i,3,838
2,FN,i,11,838
3,TN,i,5,838
4,TP,ii,1,838
0,TP,i,2,839
1,FP,i,6,839
2,FN,i,5,839
3,TN,i,8,839
4,TP,ii,1,839
0,TP,i,1,840
1,FP,i,4,840
2,FN,i,8,840
3,TN,i,8,840
4,TP,ii,0,840
0,TP,i,2,841
1,FP,i,9,841
2,FN,i,5,841
3,TN,i,5,841
4,TP,ii,1,841
0,TP,i,1,842
1,FP,i,8,842
2,FN,i,6,842
3,TN,i,6,842
4,TP,ii,2,842
0,TP,i,3,843
1,FP,i,2,843
2,FN,i,5,843
3,TN,i,11,843
4,TP,ii,2,843
0,TP,i,1,844
1,FP,i,8,844
2,FN,i,8,844
3,TN,i,4,844
4,TP,ii,0,844
0,TP,i,2,845
1,FP,i,7,845
2,FN,i,9,845
3,TN,i,3,845
4,TP,ii,1,845
0,TP,i,1,846
1,FP,i,9,846
2,FN,i,1,846
3,TN,i,10,846
4,TP,ii,1,846
0,TP,i,4,847
1,FP,i,4,847
2,FN,i,5,847
3,TN,i,8,847
4,TP,ii,1,847
0,TP,i,2,848
1,FP,i,7,848
2,FN,i,5,848
3,TN,i,7,848
4,TP,ii,0,848
0,TP,i,3,849
1,FP,i,4,849
2,FN,i,8,849
3,TN,i,6,849
4,TP,ii,0,849
0,TP,i,3,850
1,FP,i,3,850
2,FN,i,9,850
3,TN,i,6,850
4,TP,ii,3,850
0,TP,i,0,851
1,FP,i,4,851
2,FN,i,7,851
3,TN,i,10,851
4,TP,ii,1,851
0,TP,i,4,852
1,FP,i,6,852
2,FN,i,2,852
3,TN,i,9,852
4,TP,ii,1,852
0,TP,i,4,853
1,FP,i,4,853
2,FN,i,8,853
3,TN,i,5,853
4,TP,ii,0,853
0,TP,i,3,854
1,FP,i,5,854
2,FN,i,6,854
3,TN,i,7,854
4,TP,ii,0,854
0,TP,i,2,855
1,FP,i,3,855
2,FN,i,5,855
3,TN,i,11,855
4,TP,ii,2,855
0,TP,i,3,856
1,FP,i,4,856
2,FN,i,4,856
3,TN,i,10,856
4,TP,ii,1,856
0,TP,i,4,857
1,FP,i,3,857
2,FN,i,5,857
3,TN,i,9,857
4,TP,ii,2,857
0,TP,i,1,858
1,FP,i,5,858
2,FN,i,6,858
3,TN,i,9,858
4,TP,ii,2,858
0,TP,i,5,859
1,FP,i,3,859
2,FN,i,4,859
3,TN,i,9,859
4,TP,ii,0,859
0,TP,i,3,860
1,FP,i,2,860
2,FN,i,5,860
3,TN,i,11,860
4,TP,ii,1,860
0,TP,i,2,861
1,FP,i,4,861
2,FN,i,4,861
3,TN,i,11,861
4,TP,ii,1,861
0,TP,i,2,862
1,FP,i,5,862
2,FN,i,6,862
3,TN,i,8,862
4,TP,ii,0,862
0,TP,i,4,863
1,FP,i,7,863
2,FN,i,4,863
3,TN,i,6,863
4,TP,ii,0,863
0,TP,i,3,864
1,FP,i,6,864
2,FN,i,2,864
3,TN,i,10,864
4,TP,ii,1,864
0,TP,i,0,865
1,FP,i,4,865
2,FN,i,5,865
3,TN,i,12,865
4,TP,ii,0,865
0,TP,i,1,866
1,FP,i,3,866
2,FN,i,8,866
3,TN,i,9,866
4,TP,ii,1,866
0,TP,i,2,867
1,FP,i,7,867
2,FN,i,1,867
3,TN,i,11,867
4,TP,ii,0,867
0,TP,i,3,868
1,FP,i,7,868
2,FN,i,3,868
3,TN,i,8,868
4,TP,ii,0,868
0,TP,i,1,869
1,FP,i,6,869
2,FN,i,6,869
3,TN,i,8,869
4,TP,ii,2,869
0,TP,i,1,870
1,FP,i,1,870
2,FN,i,6,870
3,TN,i,13,870
4,TP,ii,2,870
0,TP,i,3,871
1,FP,i,5,871
2,FN,i,3,871
3,TN,i,10,871
4,TP,ii,2,871
0,TP,i,0,872
1,FP,i,5,872
2,FN,i,8,872
3,TN,i,8,872
4,TP,ii,0,872
0,TP,i,2,873
1,FP,i,5,873
2,FN,i,4,873
3,TN,i,10,873
4,TP,ii,0,873
0,TP,i,3,874
1,FP,i,3,874
2,FN,i,6,874
3,TN,i,9,874
4,TP,ii,1,874
0,TP,i,1,875
1,FP,i,6,875
2,FN,i,1,875
3,TN,i,13,875
4,TP,ii,2,875
0,TP,i,1,876
1,FP,i,3,876
2,FN,i,9,876
3,TN,i,8,876
4,TP,ii,1,876
0,TP,i,4,877
1,FP,i,5,877
2,FN,i,7,877
3,TN,i,5,877
4,TP,ii,0,877
0,TP,i,2,878
1,FP,i,2,878
2,FN,i,7,878
3,TN,i,10,878
4,TP,ii,3,878
0,TP,i,1,879
1,FP,i,3,879
2,FN,i,7,879
3,TN,i,10,879
4,TP,ii,0,879
0,TP,i,2,880
1,FP,i,6,880
2,FN,i,9,880
3,TN,i,4,880
4,TP,ii,1,880
0,TP,i,4,881
1,FP,i,9,881
2,FN,i,3,881
3,TN,i,5,881
4,TP,ii,1,881
0,TP,i,0,882
1,FP,i,5,882
2,FN,i,7,882
3,TN,i,9,882
4,TP,ii,1,882
0,TP,i,2,883
1,FP,i,9,883
2,FN,i,2,883
3,TN,i,8,883
4,TP,ii,0,883
0,TP,i,5,884
1,FP,i,9,884
2,FN,i,2,884
3,TN,i,5,884
4,TP,ii,0,884
0,TP,i,1,885
1,FP,i,4,885
2,FN,i,9,885
3,TN,i,7,885
4,TP,ii,2,885
0,TP,i,3,886
1,FP,i,2,886
2,FN,i,5,886
3,TN,i,11,886
4,TP,ii,1,886
0,TP,i,0,887
1,FP,i,7,887
2,FN,i,6,887
3,TN,i,8,887
4,TP,ii,1,887
0,TP,i,4,888
1,FP,i,3,888
2,FN,i,3,888
3,TN,i,11,888
4,TP,ii,4,888
0,TP,i,4,889
1,FP,i,2,889
2,FN,i,7,889
3,TN,i,8,889
4,TP,ii,1,889
0,TP,i,2,890
1,FP,i,6,890
2,FN,i,3,890
3,TN,i,10,890
4,TP,ii,1,890
0,TP,i,4,891
1,FP,i,2,891
2,FN,i,5,891
3,TN,i,10,891
4,TP,ii,2,891
0,TP,i,1,892
1,FP,i,4,892
2,FN,i,8,892
3,TN,i,8,892
4,TP,ii,0,892
0,TP,i,4,893
1,FP,i,3,893
2,FN,i,5,893
3,TN,i,9,893
4,TP,ii,1,893
0,TP,i,2,894
1,FP,i,8,894
2,FN,i,7,894
3,TN,i,4,894
4,TP,ii,1,894
0,TP,i,1,895
1,FP,i,4,895
2,FN,i,4,895
3,TN,i,12,895
4,TP,ii,0,895
0,TP,i,1,896
1,FP,i,1,896
2,FN,i,7,896
3,TN,i,12,896
4,TP,ii,1,896
0,TP,i,2,897
1,FP,i,4,897
2,FN,i,4,897
3,TN,i,11,897
4,TP,ii,1,897
0,TP,i,6,898
1,FP,i,2,898
2,FN,i,4,898
3,TN,i,9,898
4,TP,ii,0,898
0,TP,i,1,899
1,FP,i,6,899
2,FN,i,8,899
3,TN,i,6,899
4,TP,ii,1,899
0,TP,i,1,900
1,FP,i,5,900
2,FN,i,6,900
3,TN,i,9,900
4,TP,ii,0,900
0,TP,i,3,901
1,FP,i,4,901
2,FN,i,8,901
3,TN,i,6,901
4,TP,ii,1,901
0,TP,i,2,902
1,FP,i,1,902
2,FN,i,9,902
3,TN,i,9,902
4,TP,ii,1,902
0,TP,i,4,903
1,FP,i,4,903
2,FN,i,5,903
3,TN,i,8,903
4,TP,ii,2,903
0,TP,i,2,904
1,FP,i,1,904
2,FN,i,8,904
3,TN,i,10,904
4,TP,ii,2,904
0,TP,i,2,905
1,FP,i,6,905
2,FN,i,2,905
3,TN,i,11,905
4,TP,ii,1,905
0,TP,i,3,906
1,FP,i,3,906
2,FN,i,7,906
3,TN,i,8,906
4,TP,ii,1,906
0,TP,i,3,907
1,FP,i,4,907
2,FN,i,7,907
3,TN,i,7,907
4,TP,ii,3,907
0,TP,i,0,908
1,FP,i,7,908
2,FN,i,9,908
3,TN,i,5,908
4,TP,ii,1,908
0,TP,i,3,909
1,FP,i,8,909
2,FN,i,3,909
3,TN,i,7,909
4,TP,ii,2,909
0,TP,i,3,910
1,FP,i,6,910
2,FN,i,6,910
3,TN,i,6,910
4,TP,ii,0,910
0,TP,i,2,911
1,FP,i,4,911
2,FN,i,7,911
3,TN,i,8,911
4,TP,ii,2,911
0,TP,i,3,912
1,FP,i,8,912
2,FN,i,3,912
3,TN,i,7,912
4,TP,ii,1,912
0,TP,i,4,913
1,FP,i,5,913
2,FN,i,8,913
3,TN,i,4,913
4,TP,ii,0,913
0,TP,i,1,914
1,FP,i,6,914
2,FN,i,6,914
3,TN,i,8,914
4,TP,ii,2,914
0,TP,i,3,915
1,FP,i,5,915
2,FN,i,7,915
3,TN,i,6,915
4,TP,ii,0,915
0,TP,i,3,916
1,FP,i,4,916
2,FN,i,9,916
3,TN,i,5,916
4,TP,ii,2,916
0,TP,i,2,917
1,FP,i,4,917
2,FN,i,7,917
3,TN,i,8,917
4,TP,ii,0,917
0,TP,i,5,918
1,FP,i,4,918
2,FN,i,6,918
3,TN,i,6,918
4,TP,ii,1,918
0,TP,i,3,919
1,FP,i,3,919
2,FN,i,6,919
3,TN,i,9,919
4,TP,ii,2,919
0,TP,i,0,920
1,FP,i,8,920
2,FN,i,4,920
3,TN,i,9,920
4,TP,ii,2,920
0,TP,i,3,921
1,FP,i,5,921
2,FN,i,6,921
3,TN,i,7,921
4,TP,ii,1,921
0,TP,i,2,922
1,FP,i,6,922
2,FN,i,8,922
3,TN,i,5,922
4,TP,ii,1,922
0,TP,i,3,923
1,FP,i,7,923
2,FN,i,4,923
3,TN,i,7,923
4,TP,ii,2,923
0,TP,i,1,924
1,FP,i,6,924
2,FN,i,4,924
3,TN,i,10,924
4,TP,ii,3,924
0,TP,i,4,925
1,FP,i,5,925
2,FN,i,5,925
3,TN,i,7,925
4,TP,ii,0,925
0,TP,i,2,926
1,FP,i,4,926
2,FN,i,6,926
3,TN,i,9,926
4,TP,ii,1,926
0,TP,i,5,927
1,FP,i,3,927
2,FN,i,5,927
3,TN,i,8,927
4,TP,ii,1,927
0,TP,i,4,928
1,FP,i,5,928
2,FN,i,3,928
3,TN,i,9,928
4,TP,ii,1,928
0,TP,i,3,929
1,FP,i,6,929
2,FN,i,5,929
3,TN,i,7,929
4,TP,ii,0,929
0,TP,i,4,930
1,FP,i,3,930
2,FN,i,5,930
3,TN,i,9,930
4,TP,ii,1,930
0,TP,i,4,931
1,FP,i,5,931
2,FN,i,5,931
3,TN,i,7,931
4,TP,ii,1,931
0,TP,i,5,932
1,FP,i,8,932
2,FN,i,3,932
3,TN,i,5,932
4,TP,ii,0,932
0,TP,i,6,933
1,FP,i,3,933
2,FN,i,4,933
3,TN,i,8,933
4,TP,ii,0,933
0,TP,i,4,934
1,FP,i,3,934
2,FN,i,5,934
3,TN,i,9,934
4,TP,ii,0,934
0,TP,i,1,935
1,FP,i,8,935
2,FN,i,7,935
3,TN,i,5,935
4,TP,ii,0,935
0,TP,i,1,936
1,FP,i,7,936
2,FN,i,4,936
3,TN,i,9,936
4,TP,ii,2,936
0,TP,i,3,937
1,FP,i,6,937
2,FN,i,3,937
3,TN,i,9,937
4,TP,ii,1,937
0,TP,i,5,938
1,FP,i,5,938
2,FN,i,6,938
3,TN,i,5,938
4,TP,ii,1,938
0,TP,i,0,939
1,FP,i,4,939
2,FN,i,5,939
3,TN,i,12,939
4,TP,ii,1,939
0,TP,i,3,940
1,FP,i,6,940
2,FN,i,6,940
3,TN,i,6,940
4,TP,ii,0,940
0,TP,i,5,941
1,FP,i,8,941
2,FN,i,2,941
3,TN,i,6,941
4,TP,ii,1,941
0,TP,i,2,942
1,FP,i,8,942
2,FN,i,5,942
3,TN,i,6,942
4,TP,ii,2,942
0,TP,i,2,943
1,FP,i,9,943
2,FN,i,4,943
3,TN,i,6,943
4,TP,ii,0,943
0,TP,i,1,944
1,FP,i,5,944
2,FN,i,8,944
3,TN,i,7,944
4,TP,ii,1,944
0,TP,i,4,945
1,FP,i,5,945
2,FN,i,6,945
3,TN,i,6,945
4,TP,ii,1,945
0,TP,i,4,946
1,FP,i,3,946
2,FN,i,4,946
3,TN,i,10,946
4,TP,ii,0,946
0,TP,i,0,947
1,FP,i,2,947
2,FN,i,8,947
3,TN,i,11,947
4,TP,ii,0,947
0,TP,i,2,948
1,FP,i,8,948
2,FN,i,4,948
3,TN,i,7,948
4,TP,ii,0,948
0,TP,i,1,949
1,FP,i,6,949
2,FN,i,6,949
3,TN,i,8,949
4,TP,ii,1,949
0,TP,i,3,950
1,FP,i,5,950
2,FN,i,8,950
3,TN,i,5,950
4,TP,ii,0,950
0,TP,i,2,951
1,FP,i,10,951
2,FN,i,3,951
3,TN,i,6,951
4,TP,ii,1,951
0,TP,i,1,952
1,FP,i,3,952
2,FN,i,8,952
3,TN,i,9,952
4,TP,ii,3,952
0,TP,i,3,953
1,FP,i,4,953
2,FN,i,6,953
3,TN,i,8,953
4,TP,ii,0,953
0,TP,i,2,954
1,FP,i,6,954
2,FN,i,5,954
3,TN,i,8,954
4,TP,ii,2,954
0,TP,i,7,955
1,FP,i,4,955
2,FN,i,6,955
3,TN,i,4,955
4,TP,ii,0,955
0,TP,i,1,956
1,FP,i,3,956
2,FN,i,9,956
3,TN,i,8,956
4,TP,ii,1,956
0,TP,i,0,957
1,FP,i,4,957
2,FN,i,10,957
3,TN,i,7,957
4,TP,ii,1,957
0,TP,i,4,958
1,FP,i,7,958
2,FN,i,6,958
3,TN,i,4,958
4,TP,ii,0,958
0,TP,i,4,959
1,FP,i,6,959
2,FN,i,6,959
3,TN,i,5,959
4,TP,ii,0,959
0,TP,i,0,960
1,FP,i,3,960
2,FN,i,8,960
3,TN,i,10,960
4,TP,ii,1,960
0,TP,i,7,961
1,FP,i,5,961
2,FN,i,4,961
3,TN,i,5,961
4,TP,ii,0,961
0,TP,i,2,962
1,FP,i,5,962
2,FN,i,4,962
3,TN,i,10,962
4,TP,ii,1,962
0,TP,i,4,963
1,FP,i,5,963
2,FN,i,3,963
3,TN,i,9,963
4,TP,ii,2,963
0,TP,i,4,964
1,FP,i,5,964
2,FN,i,3,964
3,TN,i,9,964
4,TP,ii,1,964
0,TP,i,1,965
1,FP,i,4,965
2,FN,i,10,965
3,TN,i,6,965
4,TP,ii,1,965
0,TP,i,2,966
1,FP,i,5,966
2,FN,i,8,966
3,TN,i,6,966
4,TP,ii,0,966
0,TP,i,1,967
1,FP,i,5,967
2,FN,i,5,967
3,TN,i,10,967
4,TP,ii,2,967
0,TP,i,2,968
1,FP,i,5,968
2,FN,i,5,968
3,TN,i,9,968
4,TP,ii,3,968
0,TP,i,2,969
1,FP,i,5,969
2,FN,i,5,969
3,TN,i,9,969
4,TP,ii,2,969
0,TP,i,1,970
1,FP,i,5,970
2,FN,i,7,970
3,TN,i,8,970
4,TP,ii,0,970
0,TP,i,3,971
1,FP,i,6,971
2,FN,i,3,971
3,TN,i,9,971
4,TP,ii,0,971
0,TP,i,2,972
1,FP,i,5,972
2,FN,i,7,972
3,TN,i,7,972
4,TP,ii,0,972
0,TP,i,1,973
1,FP,i,7,973
2,FN,i,6,973
3,TN,i,7,973
4,TP,ii,2,973
0,TP,i,2,974
1,FP,i,5,974
2,FN,i,8,974
3,TN,i,6,974
4,TP,ii,1,974
0,TP,i,3,975
1,FP,i,3,975
2,FN,i,8,975
3,TN,i,7,975
4,TP,ii,0,975
0,TP,i,2,976
1,FP,i,9,976
2,FN,i,5,976
3,TN,i,5,976
4,TP,ii,1,976
0,TP,i,2,977
1,FP,i,7,977
2,FN,i,5,977
3,TN,i,7,977
4,TP,ii,1,977
0,TP,i,3,978
1,FP,i,5,978
2,FN,i,5,978
3,TN,i,8,978
4,TP,ii,0,978
0,TP,i,1,979
1,FP,i,3,979
2,FN,i,7,979
3,TN,i,10,979
4,TP,ii,1,979
0,TP,i,3,980
1,FP,i,6,980
2,FN,i,6,980
3,TN,i,6,980
4,TP,ii,1,980
0,TP,i,3,981
1,FP,i,3,981
2,FN,i,7,981
3,TN,i,8,981
4,TP,ii,1,981
0,TP,i,2,982
1,FP,i,9,982
2,FN,i,1,982
3,TN,i,9,982
4,TP,ii,1,982
0,TP,i,5,983
1,FP,i,5,983
2,FN,i,7,983
3,TN,i,4,983
4,TP,ii,0,983
0,TP,i,4,984
1,FP,i,6,984
2,FN,i,7,984
3,TN,i,4,984
4,TP,ii,1,984
0,TP,i,5,985
1,FP,i,4,985
2,FN,i,4,985
3,TN,i,8,985
4,TP,ii,1,985
0,TP,i,1,986
1,FP,i,6,986
2,FN,i,7,986
3,TN,i,7,986
4,TP,ii,0,986
0,TP,i,4,987
1,FP,i,7,987
2,FN,i,2,987
3,TN,i,8,987
4,TP,ii,0,987
0,TP,i,3,988
1,FP,i,1,988
2,FN,i,6,988
3,TN,i,11,988
4,TP,ii,2,988
0,TP,i,3,989
1,FP,i,4,989
2,FN,i,5,989
3,TN,i,9,989
4,TP,ii,2,989
0,TP,i,5,990
1,FP,i,6,990
2,FN,i,5,990
3,TN,i,5,990
4,TP,ii,1,990
0,TP,i,1,991
1,FP,i,6,991
2,FN,i,7,991
3,TN,i,7,991
4,TP,ii,0,991
0,TP,i,3,992
1,FP,i,4,992
2,FN,i,5,992
3,TN,i,9,992
4,TP,ii,1,992
0,TP,i,1,993
1,FP,i,10,993
2,FN,i,5,993
3,TN,i,5,993
4,TP,ii,0,993
0,TP,i,1,994
1,FP,i,7,994
2,FN,i,6,994
3,TN,i,7,994
4,TP,ii,0,994
0,TP,i,1,995
1,FP,i,6,995
2,FN,i,6,995
3,TN,i,8,995
4,TP,ii,0,995
0,TP,i,2,996
1,FP,i,9,996
2,FN,i,3,996
3,TN,i,7,996
4,TP,ii,0,996
0,TP,i,1,997
1,FP,i,5,997
2,FN,i,4,997
3,TN,i,11,997
4,TP,ii,1,997
0,TP,i,2,998
1,FP,i,3,998
2,FN,i,7,998
3,TN,i,9,998
4,TP,ii,2,998
0,TP,i,2,999
1,FP,i,4,999
2,FN,i,2,999
3,TN,i,13,999
4,TP,ii,2,999
